,entry,exit,position,asset
0,2009-01-02,2009-09-09,1,"('금호석유', '금호석유우')"
1,2009-01-06,2009-02-09,1,"('삼성SDI', '삼성SDI우')"
2,2009-01-07,2009-02-26,1,"('한화솔루션', '한화솔루션우')"
3,2009-01-07,2009-03-05,1,"('호텔신라', '호텔신라우')"
4,2009-01-12,2009-03-18,1,"('삼성전기', '삼성전기우')"
5,2009-01-30,2009-02-27,1,"('LG화학', 'LG화학우')"
6,2009-01-30,2009-03-02,1,"('LG전자', 'LG전자우')"
7,2009-02-02,2009-03-16,1,"('JW중외제약', 'JW중외제약우')"
8,2009-02-11,2009-05-28,1,"('DB하이텍', 'DB하이텍1우')"
9,2009-02-27,2009-04-15,1,"('현대건설', '현대건설우')"
10,2009-03-06,2009-03-20,1,"('아모레퍼시픽', '아모레퍼시픽우')"
11,2009-03-09,2009-05-11,1,"('미래에셋증권', '미래에셋증권우')"
12,2009-03-11,2009-04-28,1,"('한국금융지주', '한국금융지주우')"
13,2009-03-12,2009-04-20,1,"('삼성전자', '삼성전자우')"
14,2009-03-12,2009-04-27,1,"('LG전자', 'LG전자우')"
15,2009-03-12,2009-05-26,1,"('삼성화재', '삼성화재우')"
16,2009-03-16,2009-03-27,1,"('한화', '한화우')"
17,2009-03-16,2009-05-07,1,"('넥센타이어', '넥센타이어1우B')"
18,2009-03-17,2009-05-11,1,"('NH투자증권', 'NH투자증권우')"
19,2009-03-19,2009-04-28,1,"('호텔신라', '호텔신라우')"
20,2009-03-24,2009-04-22,1,"('LG화학', 'LG화학우')"
21,2009-03-25,2009-07-23,1,"('삼성SDI', '삼성SDI우')"
22,2009-03-27,2009-04-28,1,"('한화솔루션', '한화솔루션우')"
23,2009-04-01,2009-04-08,1,"('SK네트웍스', 'SK네트웍스우')"
24,2009-04-15,2009-05-13,1,"('현대차', '현대차우')"
25,2009-04-15,2009-05-15,1,"('LG생활건강', 'LG생활건강우')"
26,2009-04-16,2009-05-25,1,"('GS', 'GS우')"
27,2009-04-23,2009-05-08,1,"('아모레퍼시픽', '아모레퍼시픽우')"
28,2009-04-24,2009-05-18,1,"('SK이노베이션', 'SK이노베이션우')"
29,2009-04-29,2009-05-15,1,"('LG화학', 'LG화학우')"
30,2009-04-30,2009-06-23,1,"('아모레G', '아모레G우')"
31,2009-05-07,2009-06-04,1,"('CJ', 'CJ우')"
32,2009-05-15,2009-07-14,1,"('SK네트웍스', 'SK네트웍스우')"
33,2009-05-28,2009-07-07,1,"('삼성전기', '삼성전기우')"
34,2009-06-10,2009-08-17,1,"('한화솔루션', '한화솔루션우')"
35,2009-06-18,2009-09-24,1,"('넥센타이어', '넥센타이어1우B')"
36,2009-06-22,2009-07-03,1,"('CJ제일제당', 'CJ제일제당 우')"
37,2009-06-22,2009-07-13,1,"('호텔신라', '호텔신라우')"
38,2009-06-30,2009-08-11,1,"('JW중외제약', 'JW중외제약우')"
39,2009-07-02,2009-07-13,1,"('삼성화재', '삼성화재우')"
40,2009-07-02,2009-08-21,1,"('현대차', '현대차우')"
41,2009-07-07,2009-08-03,1,"('아모레G', '아모레G우')"
42,2009-07-07,2009-08-06,1,"('LG전자', 'LG전자우')"
43,2009-07-08,2009-07-23,1,"('삼성전자', '삼성전자우')"
44,2009-07-16,2009-09-02,1,"('GS', 'GS우')"
45,2009-07-17,2009-08-31,1,"('NH투자증권', 'NH투자증권우')"
46,2009-07-17,2009-10-01,1,"('미래에셋증권', '미래에셋증권우')"
47,2009-07-17,2010-03-16,1,"('대한항공', '대한항공우')"
48,2009-07-21,2009-10-22,1,"('S-Oil', 'S-Oil우')"
49,2009-07-22,2009-08-18,1,"('유한양행', '유한양행우')"
50,2009-07-24,2009-08-19,1,"('삼성화재', '삼성화재우')"
51,2009-07-27,2009-08-24,1,"('삼성전기', '삼성전기우')"
52,2009-07-31,2009-08-19,1,"('SK이노베이션', 'SK이노베이션우')"
53,2009-07-31,2009-09-16,1,"('CJ', 'CJ우')"
54,2009-07-31,2009-12-28,1,"('LG화학', 'LG화학우')"
55,2009-08-04,2009-09-04,1,"('LG생활건강', 'LG생활건강우')"
56,2009-08-05,2009-10-05,1,"('삼성전자', '삼성전자우')"
57,2009-08-06,2009-09-01,1,"('LG', 'LG우')"
58,2009-08-14,2009-12-28,1,"('대상', '대상우')"
59,2009-08-21,2009-09-04,1,"('삼성SDI', '삼성SDI우')"
60,2009-08-21,2009-09-25,1,"('삼성화재', '삼성화재우')"
61,2009-08-31,2009-09-18,1,"('아모레퍼시픽', '아모레퍼시픽우')"
62,2009-08-31,2009-09-23,1,"('아모레G', '아모레G우')"
63,2009-08-31,2009-12-21,1,"('CJ제일제당', 'CJ제일제당 우')"
64,2009-09-07,2009-09-09,1,"('한화솔루션', '한화솔루션우')"
65,2009-09-08,2009-11-03,1,"('LG생활건강', 'LG생활건강우')"
66,2009-09-10,2009-11-27,1,"('SK이노베이션', 'SK이노베이션우')"
67,2009-09-15,2009-10-29,1,"('현대건설', '현대건설우')"
68,2009-09-15,2009-12-07,1,"('호텔신라', '호텔신라우')"
69,2009-09-18,2009-10-28,1,"('한화', '한화우')"
70,2009-09-21,2009-10-20,1,"('유한양행', '유한양행우')"
71,2009-09-23,2010-04-14,1,"('삼성전기', '삼성전기우')"
72,2009-09-25,2009-10-29,1,"('LG', 'LG우')"
73,2009-10-01,2010-04-12,1,"('CJ', 'CJ우')"
74,2009-10-06,2009-10-28,1,"('한국금융지주', '한국금융지주우')"
75,2009-10-07,2009-11-03,1,"('SK네트웍스', 'SK네트웍스우')"
76,2009-10-12,2009-11-12,1,"('현대차', '현대차우')"
77,2009-10-26,2009-10-30,1,"('NH투자증권', 'NH투자증권우')"
78,2009-10-26,2009-11-16,1,"('JW중외제약', 'JW중외제약우')"
79,2009-10-29,2009-12-08,1,"('LG전자', 'LG전자우')"
80,2009-11-06,2010-04-12,1,"('삼성SDI', '삼성SDI우')"
81,2009-11-19,2010-02-01,1,"('SK네트웍스', 'SK네트웍스우')"
82,2009-11-24,2010-02-02,1,"('한화', '한화우')"
83,2009-11-30,2010-04-06,1,"('GS', 'GS우')"
84,2009-12-07,2010-01-27,1,"('DB하이텍', 'DB하이텍1우')"
85,2009-12-10,2010-01-22,1,"('한국금융지주', '한국금융지주우')"
86,2009-12-10,2010-05-06,1,"('S-Oil', 'S-Oil우')"
87,2009-12-14,2010-02-08,1,"('JW중외제약', 'JW중외제약우')"
88,2009-12-21,2010-02-22,1,"('현대차', '현대차우')"
89,2009-12-22,2010-04-28,1,"('금호석유', '금호석유우')"
90,2009-12-29,2010-03-24,1,"('한화솔루션', '한화솔루션우')"
91,2009-12-29,2010-05-10,1,"('SK이노베이션', 'SK이노베이션우')"
92,2010-01-04,2010-02-25,1,"('LG', 'LG우')"
93,2010-01-05,2010-02-04,1,"('LG생활건강', 'LG생활건강우')"
94,2010-01-15,2010-01-29,1,"('호텔신라', '호텔신라우')"
95,2010-01-15,2010-02-02,1,"('삼성전자', '삼성전자우')"
96,2010-01-19,2010-05-11,1,"('LG화학', 'LG화학우')"
97,2010-01-26,2010-02-24,1,"('LG전자', 'LG전자우')"
98,2010-02-01,2010-03-02,1,"('아모레퍼시픽', '아모레퍼시픽우')"
99,2010-02-17,2010-05-12,1,"('삼성화재', '삼성화재우')"
100,2010-02-23,2010-02-24,1,"('SK네트웍스', 'SK네트웍스우')"
101,2010-02-23,2010-04-13,1,"('DB하이텍', 'DB하이텍1우')"
102,2010-03-05,2010-04-26,1,"('호텔신라', '호텔신라우')"
103,2010-03-08,2010-04-15,1,"('한국금융지주', '한국금융지주우')"
104,2010-03-08,2010-05-03,1,"('NH투자증권', 'NH투자증권우')"
105,2010-03-09,2010-04-19,1,"('현대건설', '현대건설우')"
106,2010-03-10,2010-04-26,1,"('CJ제일제당', 'CJ제일제당 우')"
107,2010-03-17,2010-04-28,1,"('미래에셋증권', '미래에셋증권우')"
108,2010-03-22,2010-04-28,1,"('대상', '대상우')"
109,2010-03-26,2010-06-04,1,"('아모레퍼시픽', '아모레퍼시픽우')"
110,2010-03-30,2010-05-04,1,"('유한양행', '유한양행우')"
111,2010-04-01,2010-05-24,1,"('LG전자', 'LG전자우')"
112,2010-04-12,2010-04-26,1,"('SK네트웍스', 'SK네트웍스우')"
113,2010-04-13,2010-05-03,1,"('DB하이텍', 'DB하이텍1우')"
114,2010-04-15,2010-08-12,1,"('한국금융지주', '한국금융지주우')"
115,2010-04-21,2010-05-10,1,"('한화솔루션', '한화솔루션우')"
116,2010-05-06,2010-05-12,1,"('넥센타이어', '넥센타이어1우B')"
117,2010-05-10,2010-05-13,1,"('삼성SDI', '삼성SDI우')"
118,2010-05-10,2010-06-11,1,"('아모레G', '아모레G우')"
119,2010-05-12,2010-06-08,1,"('LG생활건강', 'LG생활건강우')"
120,2010-06-11,2010-11-08,1,"('현대차', '현대차우')"
121,2010-06-16,2010-07-06,1,"('JW중외제약', 'JW중외제약우')"
122,2010-06-17,2010-10-22,1,"('한화솔루션', '한화솔루션우')"
123,2010-06-22,2010-10-20,1,"('GS', 'GS우')"
124,2010-06-24,2010-08-25,1,"('SK이노베이션', 'SK이노베이션우')"
125,2010-06-28,2010-08-27,1,"('삼성화재', '삼성화재우')"
126,2010-06-30,2010-08-09,1,"('CJ제일제당', 'CJ제일제당 우')"
127,2010-07-05,2010-08-02,1,"('현대건설', '현대건설우')"
128,2010-07-09,2010-07-14,1,"('NH투자증권', 'NH투자증권우')"
129,2010-07-09,2010-07-23,1,"('대한항공', '대한항공우')"
130,2010-07-09,2010-10-05,1,"('CJ', 'CJ우')"
131,2010-07-09,2010-10-12,1,"('LG생활건강', 'LG생활건강우')"
132,2010-07-13,2010-09-30,1,"('LG', 'LG우')"
133,2010-07-14,2010-08-24,1,"('금호석유', '금호석유우')"
134,2010-07-14,2010-08-25,1,"('미래에셋증권', '미래에셋증권우')"
135,2010-07-14,2010-08-31,1,"('삼성SDI', '삼성SDI우')"
136,2010-07-16,2010-11-19,1,"('삼성전기', '삼성전기우')"
137,2010-07-20,2010-09-10,1,"('S-Oil', 'S-Oil우')"
138,2010-08-02,2010-08-13,1,"('현대건설', '현대건설우')"
139,2010-08-05,2010-08-11,1,"('SK네트웍스', 'SK네트웍스우')"
140,2010-08-05,2010-09-03,1,"('한화', '한화우')"
141,2010-08-09,2010-08-12,1,"('JW중외제약', 'JW중외제약우')"
142,2010-08-09,2010-10-18,1,"('유한양행', '유한양행우')"
143,2010-08-31,2010-10-05,1,"('아모레G', '아모레G우')"
144,2010-09-01,2010-10-08,1,"('아모레퍼시픽', '아모레퍼시픽우')"
145,2010-09-01,2010-11-26,1,"('CJ제일제당', 'CJ제일제당 우')"
146,2010-09-06,2010-10-15,1,"('LG화학', 'LG화학우')"
147,2010-09-10,2010-10-12,1,"('S-Oil', 'S-Oil우')"
148,2010-09-13,2010-10-21,1,"('NH투자증권', 'NH투자증권우')"
149,2010-09-15,2010-10-18,1,"('한국금융지주', '한국금융지주우')"
150,2010-09-15,2010-10-19,1,"('미래에셋증권', '미래에셋증권우')"
151,2010-09-17,2010-10-25,1,"('삼성화재', '삼성화재우')"
152,2010-10-01,2010-11-12,1,"('LG전자', 'LG전자우')"
153,2010-10-01,2011-01-03,1,"('대한항공', '대한항공우')"
154,2010-10-14,2010-11-09,1,"('DB하이텍', 'DB하이텍1우')"
155,2010-10-21,2010-12-29,1,"('넥센타이어', '넥센타이어1우B')"
156,2010-10-26,2010-11-18,1,"('삼성SDI', '삼성SDI우')"
157,2010-11-02,2010-11-12,1,"('LG화학', 'LG화학우')"
158,2010-11-03,2011-01-13,1,"('아모레퍼시픽', '아모레퍼시픽우')"
159,2010-11-03,2011-07-22,1,"('LG생활건강', 'LG생활건강우')"
160,2010-11-05,2010-12-15,1,"('금호석유', '금호석유우')"
161,2010-11-08,2010-12-14,1,"('아모레G', '아모레G우')"
162,2010-11-08,2010-12-27,1,"('LG', 'LG우')"
163,2010-11-09,2011-02-15,1,"('한국금융지주', '한국금융지주우')"
164,2010-11-10,2011-05-06,1,"('SK이노베이션', 'SK이노베이션우')"
165,2010-11-22,2011-01-03,1,"('삼성전자', '삼성전자우')"
166,2010-11-30,2011-02-11,1,"('SK네트웍스', 'SK네트웍스우')"
167,2010-12-01,2011-01-27,1,"('S-Oil', 'S-Oil우')"
168,2010-12-01,2011-02-28,1,"('GS', 'GS우')"
169,2010-12-07,2011-01-26,1,"('JW중외제약', 'JW중외제약우')"
170,2010-12-08,2011-03-09,1,"('LG전자', 'LG전자우')"
171,2010-12-10,2011-03-29,1,"('NH투자증권', 'NH투자증권우')"
172,2010-12-14,2011-08-03,1,"('삼성화재', '삼성화재우')"
173,2010-12-20,2011-01-19,1,"('미래에셋증권', '미래에셋증권우')"
174,2010-12-20,2011-04-14,1,"('DB하이텍', 'DB하이텍1우')"
175,2010-12-21,2011-07-20,1,"('한화솔루션', '한화솔루션우')"
176,2010-12-22,2011-02-22,1,"('한화', '한화우')"
177,2010-12-23,2011-06-16,1,"('LG화학', 'LG화학우')"
178,2010-12-29,2011-01-28,1,"('CJ제일제당', 'CJ제일제당 우')"
179,2010-12-29,2011-02-01,1,"('현대차', '현대차우')"
180,2010-12-30,2011-01-07,1,"('유한양행', '유한양행우')"
181,2011-01-03,2011-02-11,1,"('LG', 'LG우')"
182,2011-01-03,2011-04-25,1,"('삼성전기', '삼성전기우')"
183,2011-01-03,2011-04-25,1,"('삼성SDI', '삼성SDI우')"
184,2011-01-04,2011-01-06,1,"('현대건설', '현대건설우')"
185,2011-01-04,2011-08-09,1,"('넥센타이어', '넥센타이어1우B')"
186,2011-01-05,2011-03-14,1,"('호텔신라', '호텔신라우')"
187,2011-01-13,2011-03-04,1,"('CJ', 'CJ우')"
188,2011-01-19,2011-02-22,1,"('대한항공', '대한항공우')"
189,2011-01-27,2011-04-20,1,"('S-Oil', 'S-Oil우')"
190,2011-02-01,2011-03-22,1,"('금호석유', '금호석유우')"
191,2011-02-09,2011-05-06,1,"('JW중외제약', 'JW중외제약우')"
192,2011-02-10,2011-08-03,1,"('현대차', '현대차우')"
193,2011-02-15,2011-06-23,1,"('아모레G', '아모레G우')"
194,2011-02-23,2011-05-26,1,"('LG', 'LG우')"
195,2011-03-11,2011-06-07,1,"('CJ제일제당', 'CJ제일제당 우')"
196,2011-03-17,2011-07-26,1,"('아모레퍼시픽', '아모레퍼시픽우')"
197,2011-03-18,2011-05-06,1,"('현대건설', '현대건설우')"
198,2011-03-22,2011-05-02,1,"('GS', 'GS우')"
199,2011-03-24,2011-04-19,1,"('LG전자', 'LG전자우')"
200,2011-03-25,2011-05-16,1,"('한화', '한화우')"
201,2011-03-25,2011-08-18,1,"('대상', '대상우')"
202,2011-03-31,2011-04-26,1,"('대한항공', '대한항공우')"
203,2011-03-31,2011-05-30,1,"('CJ', 'CJ우')"
204,2011-04-01,2011-05-16,1,"('한국금융지주', '한국금융지주우')"
205,2011-04-01,2011-05-19,1,"('미래에셋증권', '미래에셋증권우')"
206,2011-04-05,2011-04-13,1,"('SK네트웍스', 'SK네트웍스우')"
207,2011-04-19,2011-05-31,1,"('LG전자', 'LG전자우')"
208,2011-04-19,2011-08-23,1,"('금호석유', '금호석유우')"
209,2011-04-28,2011-06-28,1,"('S-Oil', 'S-Oil우')"
210,2011-05-02,2011-06-28,1,"('호텔신라', '호텔신라우')"
211,2011-05-16,2011-06-03,1,"('삼성SDI', '삼성SDI우')"
212,2011-06-02,2011-07-25,1,"('SK이노베이션', 'SK이노베이션우')"
213,2011-06-07,2011-07-28,1,"('삼성전기', '삼성전기우')"
214,2011-06-13,2011-06-29,1,"('CJ제일제당', 'CJ제일제당 우')"
215,2011-06-17,2011-07-29,1,"('한화', '한화우')"
216,2011-06-17,2011-08-03,1,"('한국금융지주', '한국금융지주우')"
217,2011-06-21,2011-07-29,1,"('대한항공', '대한항공우')"
218,2011-06-21,2011-08-09,1,"('유한양행', '유한양행우')"
219,2011-06-22,2011-08-12,1,"('LG화학', 'LG화학우')"
220,2011-07-01,2011-08-03,1,"('DB하이텍', 'DB하이텍1우')"
221,2011-07-04,2011-08-05,1,"('미래에셋증권', '미래에셋증권우')"
222,2011-07-15,2011-08-25,1,"('SK네트웍스', 'SK네트웍스우')"
223,2011-07-19,2011-07-29,1,"('JW중외제약', 'JW중외제약우')"
224,2011-07-22,2011-08-01,1,"('현대건설', '현대건설우')"
225,2011-07-22,2011-08-19,1,"('아모레G', '아모레G우')"
226,2011-07-22,2011-10-05,1,"('CJ', 'CJ우')"
227,2011-07-27,2011-08-19,1,"('NH투자증권', 'NH투자증권우')"
228,2011-08-03,2011-08-05,1,"('한화솔루션', '한화솔루션우')"
229,2011-08-08,2011-08-19,1,"('현대차', '현대차우')"
230,2011-08-09,2011-10-28,1,"('넥센타이어', '넥센타이어1우B')"
231,2011-08-17,2011-10-12,1,"('CJ제일제당', 'CJ제일제당 우')"
232,2011-08-18,2011-09-14,1,"('LG생활건강', 'LG생활건강우')"
233,2011-08-18,2011-09-26,1,"('대상', '대상우')"
234,2011-08-18,2011-11-09,1,"('아모레퍼시픽', '아모레퍼시픽우')"
235,2011-08-23,2011-09-05,1,"('삼성SDI', '삼성SDI우')"
236,2011-08-29,2011-11-03,1,"('LG', 'LG우')"
237,2011-08-31,2011-11-02,1,"('LG전자', 'LG전자우')"
238,2011-08-31,2011-11-18,1,"('한국금융지주', '한국금융지주우')"
239,2011-09-15,2012-01-02,1,"('아모레G', '아모레G우')"
240,2011-09-16,2012-01-09,1,"('삼성전자', '삼성전자우')"
241,2011-09-16,2012-03-06,1,"('현대차', '현대차우')"
242,2011-09-21,2011-10-28,1,"('삼성전기', '삼성전기우')"
243,2011-09-28,2011-10-04,1,"('삼성화재', '삼성화재우')"
244,2011-10-05,2011-12-27,1,"('CJ', 'CJ우')"
245,2011-10-11,2011-10-25,1,"('현대건설', '현대건설우')"
246,2011-10-11,2011-11-23,1,"('유한양행', '유한양행우')"
247,2011-10-19,2011-12-07,1,"('LG생활건강', 'LG생활건강우')"
248,2011-10-26,2011-11-21,1,"('한화', '한화우')"
249,2011-10-27,2011-11-24,1,"('JW중외제약', 'JW중외제약우')"
250,2011-11-11,2012-03-19,1,"('LG화학', 'LG화학우')"
251,2011-11-30,2012-01-02,1,"('넥센타이어', '넥센타이어1우B')"
252,2011-11-30,2012-07-06,1,"('삼성전기', '삼성전기우')"
253,2011-12-01,2012-01-17,1,"('LG전자', 'LG전자우')"
254,2011-12-02,2012-02-20,1,"('유한양행', '유한양행우')"
255,2011-12-02,2012-02-23,1,"('LG', 'LG우')"
256,2011-12-06,2012-03-07,1,"('현대건설', '현대건설우')"
257,2011-12-12,2012-07-17,1,"('호텔신라', '호텔신라우')"
258,2011-12-22,2012-04-02,1,"('LG생활건강', 'LG생활건강우')"
259,2012-01-03,2012-02-27,1,"('금호석유', '금호석유우')"
260,2012-01-03,2012-07-04,1,"('CJ제일제당', 'CJ제일제당 우')"
261,2012-01-04,2012-02-07,1,"('DB하이텍', 'DB하이텍1우')"
262,2012-01-05,2012-03-28,1,"('S-Oil', 'S-Oil우')"
263,2012-01-10,2012-02-22,1,"('JW중외제약', 'JW중외제약우')"
264,2012-01-10,2012-03-12,1,"('NH투자증권', 'NH투자증권우')"
265,2012-01-12,2012-04-09,1,"('한화솔루션', '한화솔루션우')"
266,2012-01-17,2012-04-03,1,"('미래에셋증권', '미래에셋증권우')"
267,2012-01-19,2012-02-20,1,"('삼성SDI', '삼성SDI우')"
268,2012-01-19,2012-02-29,1,"('한화', '한화우')"
269,2012-01-20,2012-02-22,1,"('한국금융지주', '한국금융지주우')"
270,2012-01-25,2012-02-23,1,"('LG전자', 'LG전자우')"
271,2012-01-27,2012-03-23,1,"('대한항공', '대한항공우')"
272,2012-01-31,2012-02-27,1,"('삼성화재', '삼성화재우')"
273,2012-02-08,2012-04-19,1,"('CJ', 'CJ우')"
274,2012-02-08,2012-05-17,1,"('대상', '대상우')"
275,2012-02-17,2012-04-06,1,"('아모레퍼시픽', '아모레퍼시픽우')"
276,2012-02-22,2012-03-15,1,"('삼성전자', '삼성전자우')"
277,2012-02-27,2012-04-09,1,"('JW중외제약', 'JW중외제약우')"
278,2012-03-14,2012-07-06,1,"('LG전자', 'LG전자우')"
279,2012-03-15,2012-04-20,1,"('아모레G', '아모레G우')"
280,2012-03-19,2012-04-27,1,"('유한양행', '유한양행우')"
281,2012-03-26,2012-06-11,1,"('삼성화재', '삼성화재우')"
282,2012-03-27,2012-04-04,1,"('LG', 'LG우')"
283,2012-04-03,2012-05-18,1,"('현대차', '현대차우')"
284,2012-04-06,2012-04-19,1,"('현대건설', '현대건설우')"
285,2012-04-09,2012-04-17,1,"('SK네트웍스', 'SK네트웍스우')"
286,2012-04-09,2012-07-25,1,"('LG화학', 'LG화학우')"
287,2012-04-12,2012-04-13,1,"('GS', 'GS우')"
288,2012-04-17,2012-05-09,1,"('SK이노베이션', 'SK이노베이션우')"
289,2012-04-18,2012-09-05,1,"('삼성전자', '삼성전자우')"
290,2012-04-19,2012-04-20,1,"('SK네트웍스', 'SK네트웍스우')"
291,2012-04-20,2012-05-11,1,"('DB하이텍', 'DB하이텍1우')"
292,2012-04-20,2012-06-27,1,"('삼성SDI', '삼성SDI우')"
293,2012-04-26,2012-05-14,1,"('SK네트웍스', 'SK네트웍스우')"
294,2012-04-30,2012-06-29,1,"('넥센타이어', '넥센타이어1우B')"
295,2012-05-03,2012-05-21,1,"('한국금융지주', '한국금융지주우')"
296,2012-05-03,2012-06-27,1,"('LG', 'LG우')"
297,2012-05-03,2012-09-24,1,"('한화', '한화우')"
298,2012-05-04,2012-06-01,1,"('LG생활건강', 'LG생활건강우')"
299,2012-05-04,2012-07-26,1,"('대한항공', '대한항공우')"
300,2012-05-08,2012-06-05,1,"('CJ', 'CJ우')"
301,2012-05-24,2012-08-16,1,"('아모레G', '아모레G우')"
302,2012-06-01,2012-07-12,1,"('유한양행', '유한양행우')"
303,2012-06-11,2012-09-14,1,"('미래에셋증권', '미래에셋증권우')"
304,2012-06-13,2012-07-13,1,"('대상', '대상우')"
305,2012-06-15,2012-10-05,1,"('SK이노베이션', 'SK이노베이션우')"
306,2012-06-18,2012-07-09,1,"('현대건설', '현대건설우')"
307,2012-06-18,2012-09-20,1,"('S-Oil', 'S-Oil우')"
308,2012-06-20,2012-07-23,1,"('JW중외제약', 'JW중외제약우')"
309,2012-06-20,2012-08-14,1,"('DB하이텍', 'DB하이텍1우')"
310,2012-07-03,2012-07-25,1,"('NH투자증권', 'NH투자증권우')"
311,2012-07-03,2012-07-25,1,"('한화솔루션', '한화솔루션우')"
312,2012-07-26,2012-09-20,1,"('넥센타이어', '넥센타이어1우B')"
313,2012-07-27,2012-08-31,1,"('현대차', '현대차우')"
314,2012-07-30,2012-09-20,1,"('GS', 'GS우')"
315,2012-08-01,2012-09-06,1,"('삼성화재', '삼성화재우')"
316,2012-08-02,2012-08-27,1,"('삼성전기', '삼성전기우')"
317,2012-08-03,2012-09-03,1,"('LG전자', 'LG전자우')"
318,2012-08-07,2012-10-08,1,"('삼성SDI', '삼성SDI우')"
319,2012-08-07,2012-10-10,1,"('현대건설', '현대건설우')"
320,2012-08-08,2012-09-05,1,"('한화솔루션', '한화솔루션우')"
321,2012-08-10,2012-09-10,1,"('LG', 'LG우')"
322,2012-08-14,2012-09-06,1,"('CJ제일제당', 'CJ제일제당 우')"
323,2012-08-16,2012-12-06,1,"('대상', '대상우')"
324,2012-08-23,2012-11-12,1,"('SK네트웍스', 'SK네트웍스우')"
325,2012-08-24,2012-09-13,1,"('아모레퍼시픽', '아모레퍼시픽우')"
326,2012-08-27,2012-09-24,1,"('호텔신라', '호텔신라우')"
327,2012-08-29,2012-10-23,1,"('LG화학', 'LG화학우')"
328,2012-08-29,2012-11-26,1,"('JW중외제약', 'JW중외제약우')"
329,2012-09-05,2012-10-04,1,"('CJ', 'CJ우')"
330,2012-09-10,2013-02-05,1,"('LG', 'LG우')"
331,2012-09-13,2012-09-28,1,"('대한항공', '대한항공우')"
332,2012-09-13,2012-12-24,1,"('LG전자', 'LG전자우')"
333,2012-09-14,2012-11-27,1,"('유한양행', '유한양행우')"
334,2012-09-14,2013-03-15,1,"('NH투자증권', 'NH투자증권우')"
335,2012-09-17,2013-03-11,1,"('금호석유', '금호석유우')"
336,2012-09-20,2012-10-29,1,"('DB하이텍', 'DB하이텍1우')"
337,2012-10-05,2012-10-11,1,"('현대차', '현대차우')"
338,2012-10-09,2013-02-08,1,"('CJ제일제당', 'CJ제일제당 우')"
339,2012-10-12,2013-01-23,1,"('LG생활건강', 'LG생활건강우')"
340,2012-10-31,2012-11-07,1,"('삼성화재', '삼성화재우')"
341,2012-11-02,2013-03-18,1,"('현대건설', '현대건설우')"
342,2012-11-06,2013-01-02,1,"('GS', 'GS우')"
343,2012-11-21,2012-12-06,1,"('삼성SDI', '삼성SDI우')"
344,2012-11-26,2013-01-08,1,"('넥센타이어', '넥센타이어1우B')"
345,2012-11-30,2013-02-05,1,"('한국금융지주', '한국금융지주우')"
346,2012-12-03,2012-12-18,1,"('삼성화재', '삼성화재우')"
347,2012-12-05,2013-03-15,1,"('CJ', 'CJ우')"
348,2012-12-06,2013-02-04,1,"('S-Oil', 'S-Oil우')"
349,2012-12-11,2013-03-28,1,"('한화솔루션', '한화솔루션우')"
350,2012-12-12,2013-01-15,1,"('미래에셋증권', '미래에셋증권우')"
351,2012-12-12,2013-02-05,1,"('LG화학', 'LG화학우')"
352,2012-12-12,2013-03-15,1,"('한화', '한화우')"
353,2012-12-13,2013-02-04,1,"('삼성전자', '삼성전자우')"
354,2012-12-13,2013-08-13,1,"('JW중외제약', 'JW중외제약우')"
355,2012-12-14,2013-01-24,1,"('SK네트웍스', 'SK네트웍스우')"
356,2012-12-18,2013-03-20,1,"('삼성SDI', '삼성SDI우')"
357,2012-12-18,2013-04-12,1,"('삼성전기', '삼성전기우')"
358,2012-12-24,2013-01-28,1,"('아모레G', '아모레G우')"
359,2012-12-27,2013-01-15,1,"('SK이노베이션', 'SK이노베이션우')"
360,2012-12-27,2013-01-25,1,"('현대차', '현대차우')"
361,2012-12-27,2013-02-08,1,"('유한양행', '유한양행우')"
362,2013-01-02,2013-02-27,1,"('대한항공', '대한항공우')"
363,2013-01-03,2013-04-01,1,"('대상', '대상우')"
364,2013-01-25,2013-03-15,1,"('삼성화재', '삼성화재우')"
365,2013-01-28,2013-04-05,1,"('호텔신라', '호텔신라우')"
366,2013-02-20,2013-03-20,1,"('LG생활건강', 'LG생활건강우')"
367,2013-02-21,2013-04-02,1,"('넥센타이어', '넥센타이어1우B')"
368,2013-02-21,2013-04-05,1,"('아모레퍼시픽', '아모레퍼시픽우')"
369,2013-02-22,2013-03-20,1,"('LG', 'LG우')"
370,2013-02-22,2013-03-28,1,"('LG전자', 'LG전자우')"
371,2013-02-26,2013-04-23,1,"('삼성전자', '삼성전자우')"
372,2013-03-11,2013-05-14,1,"('유한양행', '유한양행우')"
373,2013-03-28,2013-04-10,1,"('삼성화재', '삼성화재우')"
374,2013-03-28,2013-05-16,1,"('아모레G', '아모레G우')"
375,2013-03-29,2013-04-23,1,"('한국금융지주', '한국금융지주우')"
376,2013-04-30,2013-06-17,1,"('DB하이텍', 'DB하이텍1우')"
377,2013-05-07,2013-05-20,1,"('LG생활건강', 'LG생활건강우')"
378,2013-05-08,2013-05-10,1,"('미래에셋증권', '미래에셋증권우')"
379,2013-05-08,2013-05-20,1,"('아모레퍼시픽', '아모레퍼시픽우')"
380,2013-06-18,2013-07-17,1,"('LG생활건강', 'LG생활건강우')"
381,2013-06-18,2013-08-01,1,"('LG전자', 'LG전자우')"
382,2013-06-18,2013-08-02,1,"('LG화학', 'LG화학우')"
383,2013-06-24,2013-06-25,1,"('NH투자증권', 'NH투자증권우')"
384,2013-06-25,2013-08-01,1,"('아모레퍼시픽', '아모레퍼시픽우')"
385,2013-06-28,2013-07-26,1,"('CJ', 'CJ우')"
386,2013-07-04,2013-08-06,1,"('SK이노베이션', 'SK이노베이션우')"
387,2013-07-04,2013-08-16,1,"('유한양행', '유한양행우')"
388,2013-07-09,2013-08-02,1,"('현대차', '현대차우')"
389,2013-07-09,2013-11-06,1,"('CJ제일제당', 'CJ제일제당 우')"
390,2013-07-10,2013-07-31,1,"('한국금융지주', '한국금융지주우')"
391,2013-07-11,2013-08-01,1,"('한화', '한화우')"
392,2013-07-11,2013-08-02,1,"('삼성전기', '삼성전기우')"
393,2013-07-11,2013-08-07,1,"('GS', 'GS우')"
394,2013-07-15,2013-08-29,1,"('LG', 'LG우')"
395,2013-07-15,2013-11-15,1,"('삼성SDI', '삼성SDI우')"
396,2013-07-17,2013-08-07,1,"('한화솔루션', '한화솔루션우')"
397,2013-07-22,2013-08-20,1,"('NH투자증권', 'NH투자증권우')"
398,2013-07-23,2013-08-16,1,"('삼성전자', '삼성전자우')"
399,2013-07-23,2013-08-29,1,"('미래에셋증권', '미래에셋증권우')"
400,2013-07-24,2013-08-20,1,"('현대건설', '현대건설우')"
401,2013-08-05,2013-09-10,1,"('SK네트웍스', 'SK네트웍스우')"
402,2013-08-14,2013-09-30,1,"('S-Oil', 'S-Oil우')"
403,2013-08-20,2013-10-31,1,"('삼성화재', '삼성화재우')"
404,2013-08-28,2013-10-28,1,"('현대차', '현대차우')"
405,2013-08-28,2013-11-07,1,"('CJ', 'CJ우')"
406,2013-08-30,2013-12-06,1,"('한국금융지주', '한국금융지주우')"
407,2013-09-04,2013-09-26,1,"('현대건설', '현대건설우')"
408,2013-09-04,2013-11-14,1,"('미래에셋증권', '미래에셋증권우')"
409,2013-09-05,2013-10-15,1,"('LG전자', 'LG전자우')"
410,2013-09-05,2013-12-12,1,"('금호석유', '금호석유우')"
411,2013-09-09,2013-11-08,1,"('GS', 'GS우')"
412,2013-09-10,2013-10-14,1,"('삼성전자', '삼성전자우')"
413,2013-09-10,2013-11-11,1,"('한화솔루션', '한화솔루션우')"
414,2013-09-11,2013-10-25,1,"('LG생활건강', 'LG생활건강우')"
415,2013-09-12,2013-10-16,1,"('아모레퍼시픽', '아모레퍼시픽우')"
416,2013-09-12,2013-10-25,1,"('삼성전기', '삼성전기우')"
417,2013-09-13,2013-12-26,1,"('대상', '대상우')"
418,2013-09-16,2013-11-13,1,"('대한항공', '대한항공우')"
419,2013-09-17,2013-09-30,1,"('한화', '한화우')"
420,2013-10-16,2013-11-06,1,"('호텔신라', '호텔신라우')"
421,2013-10-17,2013-11-05,1,"('LG화학', 'LG화학우')"
422,2013-10-21,2013-12-02,1,"('한화', '한화우')"
423,2013-10-21,2013-12-12,1,"('S-Oil', 'S-Oil우')"
424,2013-10-30,2014-01-27,1,"('넥센타이어', '넥센타이어1우B')"
425,2013-11-05,2013-11-06,1,"('LG', 'LG우')"
426,2013-11-19,2014-01-22,1,"('아모레G', '아모레G우')"
427,2013-11-22,2013-12-06,1,"('아모레퍼시픽', '아모레퍼시픽우')"
428,2013-11-25,2014-02-12,1,"('LG전자', 'LG전자우')"
429,2013-11-26,2013-12-11,1,"('삼성전자', '삼성전자우')"
430,2013-11-27,2014-03-07,1,"('유한양행', '유한양행우')"
431,2013-12-06,2014-02-07,1,"('JW중외제약', 'JW중외제약우')"
432,2013-12-09,2014-02-10,1,"('CJ', 'CJ우')"
433,2013-12-11,2014-01-29,1,"('현대건설', '현대건설우')"
434,2013-12-11,2014-02-03,1,"('SK네트웍스', 'SK네트웍스우')"
435,2013-12-27,2014-01-24,1,"('한화솔루션', '한화솔루션우')"
436,2013-12-27,2014-01-24,1,"('호텔신라', '호텔신라우')"
437,2013-12-27,2014-01-28,1,"('GS', 'GS우')"
438,2013-12-27,2014-02-18,1,"('대한항공', '대한항공우')"
439,2014-01-03,2014-02-25,1,"('SK이노베이션', 'SK이노베이션우')"
440,2014-01-15,2014-02-12,1,"('현대차', '현대차우')"
441,2014-01-15,2014-02-21,1,"('삼성전자', '삼성전자우')"
442,2014-01-17,2014-01-20,1,"('LG생활건강', 'LG생활건강우')"
443,2014-01-20,2014-02-06,1,"('LG화학', 'LG화학우')"
444,2014-01-21,2014-02-04,1,"('삼성전기', '삼성전기우')"
445,2014-02-06,2014-05-27,1,"('아모레퍼시픽', '아모레퍼시픽우')"
446,2014-02-27,2014-04-30,1,"('LG', 'LG우')"
447,2014-03-04,2014-06-09,1,"('SK네트웍스', 'SK네트웍스우')"
448,2014-03-17,2014-04-11,1,"('현대차', '현대차우')"
449,2014-03-24,2014-07-31,1,"('삼성화재', '삼성화재우')"
450,2014-03-26,2014-04-25,1,"('DB하이텍', 'DB하이텍1우')"
451,2014-03-28,2014-05-15,1,"('CJ제일제당', 'CJ제일제당 우')"
452,2014-03-28,2014-06-10,1,"('삼성전기', '삼성전기우')"
453,2014-03-31,2014-04-25,1,"('CJ', 'CJ우')"
454,2014-03-31,2014-05-13,1,"('금호석유', '금호석유우')"
455,2014-03-31,2014-07-14,1,"('호텔신라', '호텔신라우')"
456,2014-04-01,2014-04-28,1,"('LG화학', 'LG화학우')"
457,2014-04-04,2014-05-30,1,"('현대건설', '현대건설우')"
458,2014-04-07,2014-05-07,1,"('한국금융지주', '한국금융지주우')"
459,2014-04-07,2014-05-13,1,"('JW중외제약', 'JW중외제약우')"
460,2014-04-09,2014-04-16,1,"('미래에셋증권', '미래에셋증권우')"
461,2014-04-09,2014-04-23,1,"('NH투자증권', 'NH투자증권우')"
462,2014-04-16,2014-06-02,1,"('LG생활건강', 'LG생활건강우')"
463,2014-04-28,2014-05-23,1,"('넥센타이어', '넥센타이어1우B')"
464,2014-04-30,2014-07-15,1,"('아모레G', '아모레G우')"
465,2014-05-07,2014-05-20,1,"('삼성SDI', '삼성SDI우')"
466,2014-05-13,2014-05-20,1,"('대상', '대상우')"
467,2014-05-13,2014-06-12,1,"('한화솔루션', '한화솔루션우')"
468,2014-05-14,2014-07-15,1,"('대한항공', '대한항공우')"
469,2014-05-16,2014-05-19,1,"('S-Oil', 'S-Oil우')"
470,2014-05-16,2014-05-22,1,"('CJ', 'CJ우')"
471,2014-05-16,2014-06-03,1,"('LG', 'LG우')"
472,2014-06-02,2014-06-17,1,"('LG생활건강', 'LG생활건강우')"
473,2014-06-02,2014-07-03,1,"('유한양행', '유한양행우')"
474,2014-06-03,2014-06-11,1,"('현대건설', '현대건설우')"
475,2014-06-03,2014-08-04,1,"('S-Oil', 'S-Oil우')"
476,2014-06-23,2014-07-15,1,"('CJ제일제당', 'CJ제일제당 우')"
477,2014-06-25,2014-08-05,1,"('SK이노베이션', 'SK이노베이션우')"
478,2014-06-26,2014-07-15,1,"('미래에셋증권', '미래에셋증권우')"
479,2014-07-04,2014-12-18,1,"('한국금융지주', '한국금융지주우')"
480,2014-07-07,2014-07-17,1,"('아모레퍼시픽', '아모레퍼시픽우')"
481,2014-07-08,2014-07-15,1,"('CJ', 'CJ우')"
482,2014-07-11,2014-08-11,1,"('NH투자증권', 'NH투자증권우')"
483,2014-07-31,2014-08-06,1,"('삼성전기', '삼성전기우')"
484,2014-08-05,2014-08-29,1,"('삼성전자', '삼성전자우')"
485,2014-08-06,2014-09-18,1,"('한화', '한화우')"
486,2014-08-26,2014-10-24,1,"('현대차', '현대차우')"
487,2014-09-02,2014-10-13,1,"('JW중외제약', 'JW중외제약우')"
488,2014-09-15,2014-10-16,1,"('유한양행', '유한양행우')"
489,2014-09-17,2014-12-02,1,"('SK네트웍스', 'SK네트웍스우')"
490,2014-09-22,2014-10-20,1,"('삼성전자', '삼성전자우')"
491,2014-09-22,2014-12-16,1,"('삼성SDI', '삼성SDI우')"
492,2014-09-22,2015-01-23,1,"('대상', '대상우')"
493,2014-09-22,2015-02-16,1,"('넥센타이어', '넥센타이어1우B')"
494,2014-09-23,2014-10-13,1,"('NH투자증권', 'NH투자증권우')"
495,2014-09-23,2014-11-04,1,"('LG', 'LG우')"
496,2014-09-24,2015-01-08,1,"('대한항공', '대한항공우')"
497,2014-09-25,2014-10-22,1,"('호텔신라', '호텔신라우')"
498,2014-09-25,2014-11-10,1,"('아모레퍼시픽', '아모레퍼시픽우')"
499,2014-09-25,2014-12-08,1,"('LG전자', 'LG전자우')"
500,2014-09-29,2014-10-22,1,"('LG화학', 'LG화학우')"
501,2014-10-06,2014-11-05,1,"('삼성화재', '삼성화재우')"
502,2014-10-13,2014-11-18,1,"('GS', 'GS우')"
503,2014-10-13,2014-12-04,1,"('LG생활건강', 'LG생활건강우')"
504,2014-10-13,2014-12-10,1,"('SK이노베이션', 'SK이노베이션우')"
505,2014-10-13,2015-03-11,1,"('미래에셋증권', '미래에셋증권우')"
506,2014-10-14,2014-12-19,1,"('삼성전기', '삼성전기우')"
507,2014-10-14,2015-03-11,1,"('CJ', 'CJ우')"
508,2014-10-16,2014-10-30,1,"('유한양행', '유한양행우')"
509,2014-10-16,2014-12-12,1,"('CJ제일제당', 'CJ제일제당 우')"
510,2014-10-27,2015-03-11,1,"('S-Oil', 'S-Oil우')"
511,2014-11-04,2014-11-17,1,"('아모레G', '아모레G우')"
512,2014-11-12,2015-01-14,1,"('금호석유', '금호석유우')"
513,2014-11-12,2015-01-21,1,"('한화', '한화우')"
514,2014-11-17,2015-02-10,1,"('호텔신라', '호텔신라우')"
515,2014-11-21,2014-12-17,1,"('LG', 'LG우')"
516,2014-11-21,2015-04-27,1,"('삼성화재', '삼성화재우')"
517,2014-11-24,2015-03-16,1,"('GS', 'GS우')"
518,2014-11-24,2015-04-01,1,"('한화솔루션', '한화솔루션우')"
519,2014-11-25,2014-12-12,1,"('NH투자증권', 'NH투자증권우')"
520,2014-11-25,2015-01-09,1,"('DB하이텍', 'DB하이텍1우')"
521,2014-11-28,2015-02-09,1,"('아모레퍼시픽', '아모레퍼시픽우')"
522,2014-12-02,2015-02-17,1,"('아모레G', '아모레G우')"
523,2014-12-05,2014-12-22,1,"('현대차', '현대차우')"
524,2014-12-26,2015-02-11,1,"('LG생활건강', 'LG생활건강우')"
525,2015-01-06,2015-03-05,1,"('NH투자증권', 'NH투자증권우')"
526,2015-01-14,2015-03-05,1,"('JW중외제약', 'JW중외제약우')"
527,2015-01-14,2015-04-03,1,"('LG화학', 'LG화학우')"
528,2015-01-19,2015-03-16,1,"('SK이노베이션', 'SK이노베이션우')"
529,2015-01-23,2015-04-20,1,"('삼성SDI', '삼성SDI우')"
530,2015-01-26,2015-05-19,1,"('현대건설', '현대건설우')"
531,2015-01-27,2015-05-29,1,"('금호석유', '금호석유우')"
532,2015-01-30,2015-03-19,1,"('유한양행', '유한양행우')"
533,2015-01-30,2015-04-17,1,"('현대차', '현대차우')"
534,2015-02-06,2015-04-21,1,"('삼성전기', '삼성전기우')"
535,2015-02-17,2015-04-07,1,"('삼성전자', '삼성전자우')"
536,2015-02-23,2015-04-17,1,"('LG전자', 'LG전자우')"
537,2015-02-25,2015-04-21,1,"('LG', 'LG우')"
538,2015-02-26,2015-06-03,1,"('한화', '한화우')"
539,2015-03-11,2015-05-13,1,"('아모레퍼시픽', '아모레퍼시픽우')"
540,2015-03-12,2015-03-17,1,"('LG생활건강', 'LG생활건강우')"
541,2015-03-17,2015-04-24,1,"('한국금융지주', '한국금융지주우')"
542,2015-03-23,2015-06-18,1,"('호텔신라', '호텔신라우')"
543,2015-03-24,2015-05-15,1,"('유한양행', '유한양행우')"
544,2015-04-02,2015-04-09,1,"('GS', 'GS우')"
545,2015-04-03,2015-04-13,1,"('미래에셋증권', '미래에셋증권우')"
546,2015-04-03,2015-05-21,1,"('SK이노베이션', 'SK이노베이션우')"
547,2015-04-13,2015-06-11,1,"('JW중외제약', 'JW중외제약우')"
548,2015-04-15,2015-04-22,1,"('CJ', 'CJ우')"
549,2015-04-15,2015-05-29,1,"('LG화학', 'LG화학우')"
550,2015-04-16,2015-06-24,1,"('미래에셋증권', '미래에셋증권우')"
551,2015-04-20,2015-04-21,1,"('한화솔루션', '한화솔루션우')"
552,2015-04-23,2015-07-02,1,"('DB하이텍', 'DB하이텍1우')"
553,2015-04-24,2015-05-07,1,"('넥센타이어', '넥센타이어1우B')"
554,2015-04-29,2015-07-15,1,"('LG생활건강', 'LG생활건강우')"
555,2015-05-20,2015-08-18,1,"('CJ', 'CJ우')"
556,2015-05-21,2015-06-22,1,"('한화솔루션', '한화솔루션우')"
557,2015-05-26,2015-06-25,1,"('삼성SDI', '삼성SDI우')"
558,2015-06-01,2015-06-24,1,"('SK이노베이션', 'SK이노베이션우')"
559,2015-06-08,2015-07-08,1,"('한국금융지주', '한국금융지주우')"
560,2015-06-11,2015-08-03,1,"('삼성화재', '삼성화재우')"
561,2015-06-12,2015-06-15,1,"('LG전자', 'LG전자우')"
562,2015-06-15,2015-06-24,1,"('넥센타이어', '넥센타이어1우B')"
563,2015-06-15,2015-07-08,1,"('아모레G', '아모레G우')"
564,2015-06-17,2015-07-10,1,"('S-Oil', 'S-Oil우')"
565,2015-07-02,2015-07-06,1,"('유한양행', '유한양행우')"
566,2015-07-02,2015-10-30,1,"('현대차', '현대차우')"
567,2015-07-09,2015-08-11,1,"('아모레퍼시픽', '아모레퍼시픽우')"
568,2015-07-10,2015-07-29,1,"('LG화학', 'LG화학우')"
569,2015-07-28,2015-10-01,1,"('삼성전기', '삼성전기우')"
570,2015-08-03,2015-09-03,1,"('대상', '대상우')"
571,2015-08-04,2015-09-04,1,"('DB하이텍', 'DB하이텍1우')"
572,2015-08-04,2015-10-19,1,"('JW중외제약', 'JW중외제약우')"
573,2015-08-06,2015-09-03,1,"('NH투자증권', 'NH투자증권우')"
574,2015-08-17,2015-11-02,1,"('S-Oil', 'S-Oil우')"
575,2015-08-18,2015-09-21,1,"('넥센타이어', '넥센타이어1우B')"
576,2015-08-18,2015-11-09,1,"('현대건설', '현대건설우')"
577,2015-08-19,2015-09-21,1,"('SK이노베이션', 'SK이노베이션우')"
578,2015-08-20,2015-11-02,1,"('한국금융지주', '한국금융지주우')"
579,2015-08-21,2015-10-08,1,"('유한양행', '유한양행우')"
580,2015-08-24,2015-10-30,1,"('아모레퍼시픽', '아모레퍼시픽우')"
581,2015-08-24,2015-10-30,1,"('삼성화재', '삼성화재우')"
582,2015-08-24,2015-11-03,1,"('LG전자', 'LG전자우')"
583,2015-08-25,2015-11-11,1,"('대한항공', '대한항공우')"
584,2015-08-27,2015-10-29,1,"('LG생활건강', 'LG생활건강우')"
585,2015-09-08,2015-10-30,1,"('CJ', 'CJ우')"
586,2015-09-08,2015-11-13,1,"('GS', 'GS우')"
587,2015-09-09,2015-09-22,1,"('LG', 'LG우')"
588,2015-09-09,2015-10-29,1,"('아모레G', '아모레G우')"
589,2015-09-15,2015-10-30,1,"('금호석유', '금호석유우')"
590,2015-09-17,2015-11-02,1,"('삼성SDI', '삼성SDI우')"
591,2015-09-21,2015-11-03,1,"('한화솔루션', '한화솔루션우')"
592,2015-10-06,2015-10-30,1,"('CJ제일제당', 'CJ제일제당 우')"
593,2015-10-08,2015-10-30,1,"('삼성전자', '삼성전자우')"
594,2015-10-12,2015-10-30,1,"('넥센타이어', '넥센타이어1우B')"
595,2015-11-05,2015-12-03,1,"('JW중외제약', 'JW중외제약우')"
596,2015-11-10,2016-02-01,1,"('대상', '대상우')"
597,2015-11-25,2016-01-15,1,"('한화', '한화우')"
598,2015-11-30,2016-01-15,1,"('LG화학', 'LG화학우')"
599,2015-12-02,2016-01-19,1,"('삼성화재', '삼성화재우')"
600,2015-12-03,2016-01-15,1,"('CJ제일제당', 'CJ제일제당 우')"
601,2015-12-07,2016-01-29,1,"('현대차', '현대차우')"
602,2015-12-07,2016-02-05,1,"('CJ', 'CJ우')"
603,2015-12-07,2016-02-11,1,"('S-Oil', 'S-Oil우')"
604,2015-12-09,2016-01-29,1,"('아모레퍼시픽', '아모레퍼시픽우')"
605,2015-12-10,2016-04-25,1,"('대한항공', '대한항공우')"
606,2015-12-10,2016-07-15,1,"('LG생활건강', 'LG생활건강우')"
607,2015-12-14,2016-01-13,1,"('호텔신라', '호텔신라우')"
608,2015-12-16,2016-01-27,1,"('SK이노베이션', 'SK이노베이션우')"
609,2015-12-17,2016-04-06,1,"('NH투자증권', 'NH투자증권우')"
610,2015-12-21,2015-12-23,1,"('미래에셋증권', '미래에셋증권우')"
611,2015-12-22,2016-01-15,1,"('GS', 'GS우')"
612,2015-12-30,2016-02-23,1,"('LG전자', 'LG전자우')"
613,2015-12-30,2016-02-24,1,"('한화솔루션', '한화솔루션우')"
614,2016-01-07,2016-02-12,1,"('JW중외제약', 'JW중외제약우')"
615,2016-01-07,2016-06-22,1,"('유한양행', '유한양행우')"
616,2016-01-07,2016-08-19,1,"('아모레G', '아모레G우')"
617,2016-01-08,2016-01-11,1,"('넥센타이어', '넥센타이어1우B')"
618,2016-01-14,2016-03-15,1,"('현대건설', '현대건설우')"
619,2016-01-28,2016-02-25,1,"('한화', '한화우')"
620,2016-01-29,2016-02-12,1,"('한국금융지주', '한국금융지주우')"
621,2016-02-03,2016-03-11,1,"('넥센타이어', '넥센타이어1우B')"
622,2016-02-04,2016-03-08,1,"('호텔신라', '호텔신라우')"
623,2016-02-04,2016-03-15,1,"('SK네트웍스', 'SK네트웍스우')"
624,2016-02-05,2016-05-19,1,"('금호석유', '금호석유우')"
625,2016-02-12,2016-04-27,1,"('삼성전기', '삼성전기우')"
626,2016-02-16,2016-03-29,1,"('GS', 'GS우')"
627,2016-02-25,2016-06-20,1,"('DB하이텍', 'DB하이텍1우')"
628,2016-02-29,2016-04-14,1,"('LG화학', 'LG화학우')"
629,2016-03-04,2016-04-07,1,"('미래에셋증권', '미래에셋증권우')"
630,2016-03-15,2016-06-16,1,"('CJ제일제당', 'CJ제일제당 우')"
631,2016-03-15,2017-03-03,1,"('CJ', 'CJ우')"
632,2016-03-16,2016-05-13,1,"('LG전자', 'LG전자우')"
633,2016-03-24,2016-04-05,1,"('한화', '한화우')"
634,2016-03-24,2016-05-13,1,"('한화솔루션', '한화솔루션우')"
635,2016-03-29,2016-06-15,1,"('GS', 'GS우')"
636,2016-03-30,2016-05-12,1,"('현대차', '현대차우')"
637,2016-04-05,2016-05-26,1,"('호텔신라', '호텔신라우')"
638,2016-04-05,2016-07-21,1,"('JW중외제약', 'JW중외제약우')"
639,2016-04-07,2016-07-04,1,"('삼성전자', '삼성전자우')"
640,2016-04-07,2016-11-18,1,"('LG', 'LG우')"
641,2016-04-08,2016-06-15,1,"('SK이노베이션', 'SK이노베이션우')"
642,2016-04-08,2016-10-10,1,"('삼성SDI', '삼성SDI우')"
643,2016-04-11,2016-05-03,1,"('넥센타이어', '넥센타이어1우B')"
644,2016-04-14,2016-05-03,1,"('아모레퍼시픽', '아모레퍼시픽우')"
645,2016-04-14,2016-05-24,1,"('LG화학', 'LG화학우')"
646,2016-04-19,2016-06-16,1,"('한화', '한화우')"
647,2016-05-17,2016-06-27,1,"('대상', '대상우')"
648,2016-06-07,2016-06-16,1,"('넥센타이어', '넥센타이어1우B')"
649,2016-06-07,2016-08-03,1,"('NH투자증권', 'NH투자증권우')"
650,2016-06-08,2016-08-29,1,"('한화솔루션', '한화솔루션우')"
651,2016-06-08,2016-09-08,1,"('LG전자', 'LG전자우')"
652,2016-06-09,2016-08-05,1,"('한국금융지주', '한국금융지주우')"
653,2016-06-13,2016-07-06,1,"('삼성전기', '삼성전기우')"
654,2016-06-23,2016-08-22,1,"('미래에셋증권', '미래에셋증권우')"
655,2016-06-24,2016-06-27,1,"('호텔신라', '호텔신라우')"
656,2016-06-27,2016-08-04,1,"('현대차', '현대차우')"
657,2016-06-27,2016-08-23,1,"('대한항공', '대한항공우')"
658,2016-06-28,2017-04-17,1,"('CJ제일제당', 'CJ제일제당 우')"
659,2016-06-29,2016-08-02,1,"('한화', '한화우')"
660,2016-07-08,2016-09-06,1,"('대상', '대상우')"
661,2016-07-14,2016-08-23,1,"('S-Oil', 'S-Oil우')"
662,2016-07-14,2016-10-05,1,"('GS', 'GS우')"
663,2016-07-21,2016-08-29,1,"('SK네트웍스', 'SK네트웍스우')"
664,2016-07-22,2016-09-12,1,"('삼성전기', '삼성전기우')"
665,2016-07-25,2016-08-03,1,"('삼성화재', '삼성화재우')"
666,2016-07-27,2016-09-20,1,"('현대건설', '현대건설우')"
667,2016-08-01,2016-08-29,1,"('아모레퍼시픽', '아모레퍼시픽우')"
668,2016-08-04,2016-08-31,1,"('LG생활건강', 'LG생활건강우')"
669,2016-08-05,2016-08-17,1,"('금호석유', '금호석유우')"
670,2016-08-08,2016-08-29,1,"('DB하이텍', 'DB하이텍1우')"
671,2016-08-10,2016-10-11,1,"('JW중외제약', 'JW중외제약우')"
672,2016-08-17,2016-09-13,1,"('금호석유', '금호석유우')"
673,2016-08-31,2016-10-27,1,"('LG화학', 'LG화학우')"
674,2016-08-31,2016-11-11,1,"('대한항공', '대한항공우')"
675,2016-09-02,2016-10-07,1,"('아모레퍼시픽', '아모레퍼시픽우')"
676,2016-09-05,2016-09-21,1,"('현대차', '현대차우')"
677,2016-09-07,2016-09-08,1,"('아모레G', '아모레G우')"
678,2016-09-07,2016-11-18,1,"('한국금융지주', '한국금융지주우')"
679,2016-09-12,2017-04-03,1,"('넥센타이어', '넥센타이어1우B')"
680,2016-09-19,2016-10-28,1,"('S-Oil', 'S-Oil우')"
681,2016-10-06,2016-10-28,1,"('LG생활건강', 'LG생활건강우')"
682,2016-10-06,2017-04-28,1,"('LG전자', 'LG전자우')"
683,2016-10-11,2016-11-02,1,"('현대건설', '현대건설우')"
684,2016-10-11,2016-11-03,1,"('삼성화재', '삼성화재우')"
685,2016-10-11,2017-02-03,1,"('SK이노베이션', 'SK이노베이션우')"
686,2016-10-14,2016-10-26,1,"('미래에셋증권', '미래에셋증권우')"
687,2016-10-21,2017-01-19,1,"('한화', '한화우')"
688,2016-10-26,2016-11-30,1,"('현대차', '현대차우')"
689,2016-10-27,2017-05-02,1,"('삼성전기', '삼성전기우')"
690,2016-11-07,2016-11-22,1,"('NH투자증권', 'NH투자증권우')"
691,2016-11-07,2017-05-29,1,"('삼성SDI', '삼성SDI우')"
692,2016-11-09,2016-12-19,1,"('GS', 'GS우')"
693,2016-11-11,2017-02-24,1,"('금호석유', '금호석유우')"
694,2016-11-11,2017-04-06,1,"('LG화학', 'LG화학우')"
695,2016-11-14,2016-12-29,1,"('대상', '대상우')"
696,2016-11-25,2016-12-14,1,"('SK네트웍스', 'SK네트웍스우')"
697,2016-11-29,2016-12-05,1,"('삼성전자', '삼성전자우')"
698,2016-12-06,2017-02-02,1,"('아모레G', '아모레G우')"
699,2016-12-08,2017-04-28,1,"('한화솔루션', '한화솔루션우')"
700,2016-12-14,2017-04-28,1,"('LG', 'LG우')"
701,2016-12-15,2017-03-06,1,"('한국금융지주', '한국금융지주우')"
702,2016-12-15,2017-04-19,1,"('NH투자증권', 'NH투자증권우')"
703,2016-12-26,2017-03-07,1,"('DB하이텍', 'DB하이텍1우')"
704,2016-12-28,2017-03-10,1,"('JW중외제약', 'JW중외제약우')"
705,2016-12-29,2017-01-25,1,"('현대차', '현대차우')"
706,2017-01-03,2017-01-31,1,"('S-Oil', 'S-Oil우')"
707,2017-01-03,2017-06-02,1,"('미래에셋증권', '미래에셋증권우')"
708,2017-02-10,2017-02-22,1,"('대한항공', '대한항공우')"
709,2017-02-10,2017-02-24,1,"('한화', '한화우')"
710,2017-02-16,2017-06-12,1,"('유한양행', '유한양행우')"
711,2017-02-22,2017-04-03,1,"('아모레퍼시픽', '아모레퍼시픽우')"
712,2017-02-24,2017-04-27,1,"('삼성전자', '삼성전자우')"
713,2017-03-16,2017-06-09,1,"('삼성화재', '삼성화재우')"
714,2017-03-17,2017-03-31,1,"('SK이노베이션', 'SK이노베이션우')"
715,2017-03-27,2017-05-08,1,"('CJ', 'CJ우')"
716,2017-03-29,2017-05-18,1,"('금호석유', '금호석유우')"
717,2017-03-31,2017-05-10,1,"('GS', 'GS우')"
718,2017-04-03,2017-06-12,1,"('대상', '대상우')"
719,2017-04-04,2017-06-15,1,"('호텔신라', '호텔신라우')"
720,2017-04-05,2017-05-08,1,"('SK네트웍스', 'SK네트웍스우')"
721,2017-04-12,2017-05-24,1,"('현대건설', '현대건설우')"
722,2017-04-19,2017-06-09,1,"('LG생활건강', 'LG생활건강우')"
723,2017-04-20,2017-05-29,1,"('한화', '한화우')"
724,2017-04-20,2017-06-07,1,"('아모레G', '아모레G우')"
725,2017-04-27,2017-05-31,1,"('LG화학', 'LG화학우')"
726,2017-05-04,2017-06-02,1,"('현대차', '현대차우')"
727,2017-05-08,2017-06-01,1,"('한국금융지주', '한국금융지주우')"
728,2017-05-08,2017-06-02,1,"('LG', 'LG우')"
729,2017-05-11,2017-06-07,1,"('S-Oil', 'S-Oil우')"
730,2017-05-23,2017-08-16,1,"('GS', 'GS우')"
731,2017-05-25,2017-05-29,1,"('NH투자증권', 'NH투자증권우')"
732,2017-06-29,2017-07-28,1,"('DB하이텍', 'DB하이텍1우')"
733,2017-07-03,2017-09-15,1,"('금호석유', '금호석유우')"
734,2017-07-04,2017-08-07,1,"('S-Oil', 'S-Oil우')"
735,2017-07-07,2017-07-31,1,"('유한양행', '유한양행우')"
736,2017-07-07,2017-08-07,1,"('대한항공', '대한항공우')"
737,2017-07-12,2017-12-14,1,"('CJ제일제당', 'CJ제일제당 우')"
738,2017-07-14,2018-02-02,1,"('CJ', 'CJ우')"
739,2017-07-17,2017-09-11,1,"('삼성전기', '삼성전기우')"
740,2017-07-18,2017-12-21,1,"('아모레G', '아모레G우')"
741,2017-07-21,2017-08-04,1,"('SK네트웍스', 'SK네트웍스우')"
742,2017-07-24,2017-08-03,1,"('현대건설', '현대건설우')"
743,2017-07-26,2017-08-11,1,"('JW중외제약', 'JW중외제약우')"
744,2017-07-28,2017-09-14,1,"('현대차', '현대차우')"
745,2017-07-31,2017-10-11,1,"('한화솔루션', '한화솔루션우')"
746,2017-08-01,2017-08-07,1,"('삼성화재', '삼성화재우')"
747,2017-08-10,2017-09-26,1,"('LG', 'LG우')"
748,2017-08-10,2017-10-11,1,"('LG전자', 'LG전자우')"
749,2017-08-11,2017-10-26,1,"('한화', '한화우')"
750,2017-08-24,2017-12-12,1,"('LG화학', 'LG화학우')"
751,2017-08-28,2017-10-11,1,"('넥센타이어', '넥센타이어1우B')"
752,2017-08-29,2017-09-15,1,"('S-Oil', 'S-Oil우')"
753,2017-08-31,2017-09-22,1,"('아모레퍼시픽', '아모레퍼시픽우')"
754,2017-09-14,2018-03-29,1,"('현대차', '현대차우')"
755,2017-09-15,2017-10-20,1,"('한국금융지주', '한국금융지주우')"
756,2017-09-15,2017-10-26,1,"('SK네트웍스', 'SK네트웍스우')"
757,2017-09-18,2017-09-19,1,"('대한항공', '대한항공우')"
758,2017-09-18,2018-03-05,1,"('NH투자증권', 'NH투자증권우')"
759,2017-09-20,2018-02-06,1,"('SK이노베이션', 'SK이노베이션우')"
760,2017-09-22,2017-10-31,1,"('삼성전자', '삼성전자우')"
761,2017-09-25,2017-09-28,1,"('현대건설', '현대건설우')"
762,2017-09-27,2017-10-16,1,"('DB하이텍', 'DB하이텍1우')"
763,2017-09-28,2018-03-26,1,"('호텔신라', '호텔신라우')"
764,2017-10-10,2017-11-01,1,"('삼성화재', '삼성화재우')"
765,2017-10-10,2017-11-02,1,"('GS', 'GS우')"
766,2017-10-10,2018-01-04,1,"('아모레퍼시픽', '아모레퍼시픽우')"
767,2017-10-11,2018-03-30,1,"('LG전자', 'LG전자우')"
768,2017-10-13,2017-11-23,1,"('LG생활건강', 'LG생활건강우')"
769,2017-10-19,2018-01-17,1,"('대상', '대상우')"
770,2017-10-20,2018-04-24,1,"('LG', 'LG우')"
771,2017-10-30,2018-02-28,1,"('삼성전기', '삼성전기우')"
772,2017-11-01,2017-12-05,1,"('삼성SDI', '삼성SDI우')"
773,2017-11-01,2018-01-31,1,"('금호석유', '금호석유우')"
774,2017-11-08,2018-03-05,1,"('JW중외제약', 'JW중외제약우')"
775,2017-11-22,2017-12-18,1,"('미래에셋증권', '미래에셋증권우')"
776,2017-12-11,2018-03-05,1,"('한화솔루션', '한화솔루션우')"
777,2017-12-13,2018-02-09,1,"('현대건설', '현대건설우')"
778,2017-12-13,2018-02-26,1,"('대한항공', '대한항공우')"
779,2017-12-15,2018-02-07,1,"('CJ제일제당', 'CJ제일제당 우')"
780,2017-12-19,2018-02-05,1,"('한국금융지주', '한국금융지주우')"
781,2017-12-20,2018-01-29,1,"('넥센타이어', '넥센타이어1우B')"
782,2017-12-28,2018-03-02,1,"('한화', '한화우')"
783,2017-12-28,2018-04-04,1,"('GS', 'GS우')"
784,2018-01-02,2018-02-01,1,"('삼성화재', '삼성화재우')"
785,2018-01-02,2018-02-02,1,"('SK네트웍스', 'SK네트웍스우')"
786,2018-01-04,2018-03-02,1,"('DB하이텍', 'DB하이텍1우')"
787,2018-01-08,2018-03-22,1,"('LG화학', 'LG화학우')"
788,2018-01-11,2018-02-09,1,"('LG생활건강', 'LG생활건강우')"
789,2018-01-22,2018-02-19,1,"('아모레퍼시픽', '아모레퍼시픽우')"
790,2018-01-23,2018-02-07,1,"('아모레G', '아모레G우')"
791,2018-01-23,2018-04-23,1,"('미래에셋증권', '미래에셋증권우')"
792,2018-01-29,2018-05-21,1,"('넥센타이어', '넥센타이어1우B')"
793,2018-01-30,2018-02-07,1,"('유한양행', '유한양행우')"
794,2018-02-19,2018-04-11,1,"('금호석유', '금호석유우')"
795,2018-02-21,2018-09-11,1,"('CJ제일제당', 'CJ제일제당 우')"
796,2018-02-26,2018-05-15,1,"('한국금융지주', '한국금융지주우')"
797,2018-02-28,2018-04-25,1,"('S-Oil', 'S-Oil우')"
798,2018-03-08,2018-03-09,1,"('삼성SDI', '삼성SDI우')"
799,2018-03-09,2018-04-19,1,"('현대건설', '현대건설우')"
800,2018-03-09,2018-05-03,1,"('아모레G', '아모레G우')"
801,2018-03-23,2018-09-10,1,"('삼성전기', '삼성전기우')"
802,2018-03-26,2018-05-09,1,"('호텔신라', '호텔신라우')"
803,2018-03-26,2018-11-01,1,"('SK이노베이션', 'SK이노베이션우')"
804,2018-03-28,2018-05-18,1,"('대상', '대상우')"
805,2018-03-29,2018-05-10,1,"('대한항공', '대한항공우')"
806,2018-04-04,2018-06-05,1,"('유한양행', '유한양행우')"
807,2018-04-05,2018-04-25,1,"('한화솔루션', '한화솔루션우')"
808,2018-04-13,2018-05-28,1,"('LG화학', 'LG화학우')"
809,2018-04-20,2018-05-08,1,"('한화', '한화우')"
810,2018-04-24,2018-07-02,1,"('NH투자증권', 'NH투자증권우')"
811,2018-04-27,2018-05-30,1,"('미래에셋증권', '미래에셋증권우')"
812,2018-04-30,2018-05-04,1,"('SK네트웍스', 'SK네트웍스우')"
813,2018-04-30,2018-07-17,1,"('LG생활건강', 'LG생활건강우')"
814,2018-04-30,2018-08-06,1,"('금호석유', '금호석유우')"
815,2018-05-04,2018-06-08,1,"('삼성전자', '삼성전자우')"
816,2018-05-08,2018-05-25,1,"('삼성화재', '삼성화재우')"
817,2018-05-10,2018-07-13,1,"('아모레퍼시픽', '아모레퍼시픽우')"
818,2018-05-14,2018-05-30,1,"('GS', 'GS우')"
819,2018-05-29,2018-06-29,1,"('삼성SDI', '삼성SDI우')"
820,2018-06-29,2018-07-16,1,"('호텔신라', '호텔신라우')"
821,2018-07-05,2018-10-11,1,"('CJ', 'CJ우')"
822,2018-07-06,2018-08-21,1,"('넥센타이어', '넥센타이어1우B')"
823,2018-07-16,2019-05-13,1,"('S-Oil', 'S-Oil우')"
824,2018-07-20,2018-09-17,1,"('한화', '한화우')"
825,2018-07-26,2018-10-04,1,"('LG화학', 'LG화학우')"
826,2018-07-31,2018-10-05,1,"('JW중외제약', 'JW중외제약우')"
827,2018-07-31,2018-11-16,1,"('대한항공', '대한항공우')"
828,2018-08-17,2018-09-21,1,"('대상', '대상우')"
829,2018-08-27,2018-10-30,1,"('현대건설', '현대건설우')"
830,2018-08-29,2018-09-10,1,"('LG전자', 'LG전자우')"
831,2018-08-31,2018-09-14,1,"('유한양행', '유한양행우')"
832,2018-08-31,2018-10-08,1,"('DB하이텍', 'DB하이텍1우')"
833,2018-09-03,2018-10-24,1,"('삼성SDI', '삼성SDI우')"
834,2018-09-06,2019-05-02,1,"('현대차', '현대차우')"
835,2018-09-07,2018-11-07,1,"('SK네트웍스', 'SK네트웍스우')"
836,2018-09-10,2018-10-30,1,"('삼성전자', '삼성전자우')"
837,2018-09-12,2018-10-08,1,"('LG', 'LG우')"
838,2018-09-13,2018-10-04,1,"('아모레퍼시픽', '아모레퍼시픽우')"
839,2018-09-18,2018-10-15,1,"('호텔신라', '호텔신라우')"
840,2018-09-19,2018-10-10,1,"('NH투자증권', 'NH투자증권우')"
841,2018-09-20,2018-10-11,1,"('미래에셋증권', '미래에셋증권우')"
842,2018-09-27,2018-09-28,1,"('삼성화재', '삼성화재우')"
843,2018-10-05,2018-12-07,1,"('GS', 'GS우')"
844,2018-10-10,2018-11-07,1,"('한화', '한화우')"
845,2018-10-15,2018-11-16,1,"('CJ제일제당', 'CJ제일제당 우')"
846,2018-10-22,2019-01-17,1,"('아모레G', '아모레G우')"
847,2018-10-24,2018-10-30,1,"('JW중외제약', 'JW중외제약우')"
848,2018-10-25,2018-10-31,1,"('LG생활건강', 'LG생활건강우')"
849,2018-10-25,2019-03-25,1,"('한화솔루션', '한화솔루션우')"
850,2018-10-29,2018-11-30,1,"('삼성화재', '삼성화재우')"
851,2018-10-30,2018-12-05,1,"('금호석유', '금호석유우')"
852,2018-11-01,2018-12-07,1,"('LG전자', 'LG전자우')"
853,2018-11-02,2018-11-20,1,"('한국금융지주', '한국금융지주우')"
854,2018-11-02,2019-03-08,1,"('NH투자증권', 'NH투자증권우')"
855,2018-11-02,2019-05-28,1,"('LG화학', 'LG화학우')"
856,2018-11-07,2018-12-24,1,"('미래에셋증권', '미래에셋증권우')"
857,2018-11-09,2019-02-01,1,"('현대건설', '현대건설우')"
858,2018-11-19,2018-12-12,1,"('유한양행', '유한양행우')"
859,2018-11-20,2019-03-21,1,"('삼성전자', '삼성전자우')"
860,2018-11-21,2018-12-21,1,"('CJ', 'CJ우')"
861,2018-11-21,2019-04-11,1,"('SK네트웍스', 'SK네트웍스우')"
862,2018-11-27,2019-02-15,1,"('LG', 'LG우')"
863,2018-11-28,2019-03-20,1,"('아모레퍼시픽', '아모레퍼시픽우')"
864,2018-12-03,2019-03-07,1,"('삼성SDI', '삼성SDI우')"
865,2018-12-06,2019-02-07,1,"('한화', '한화우')"
866,2018-12-12,2019-01-29,1,"('JW중외제약', 'JW중외제약우')"
867,2018-12-13,2019-04-19,1,"('넥센타이어', '넥센타이어1우B')"
868,2018-12-14,2019-03-04,1,"('GS', 'GS우')"
869,2018-12-17,2018-12-24,1,"('한국금융지주', '한국금융지주우')"
870,2019-01-03,2019-02-20,1,"('금호석유', '금호석유우')"
871,2019-01-04,2019-01-30,1,"('대상', '대상우')"
872,2019-01-04,2019-02-14,1,"('삼성화재', '삼성화재우')"
873,2019-01-07,2019-03-27,1,"('SK이노베이션', 'SK이노베이션우')"
874,2019-01-08,2019-03-22,1,"('유한양행', '유한양행우')"
875,2019-01-11,2019-03-25,1,"('DB하이텍', 'DB하이텍1우')"
876,2019-01-14,2019-04-12,1,"('호텔신라', '호텔신라우')"
877,2019-01-15,2019-03-08,1,"('미래에셋증권', '미래에셋증권우')"
878,2019-01-29,2019-06-17,1,"('삼성전기', '삼성전기우')"
879,2019-01-30,2019-05-28,1,"('LG생활건강', 'LG생활건강우')"
880,2019-02-13,2019-03-11,1,"('대한항공', '대한항공우')"
881,2019-02-20,2019-04-15,1,"('금호석유', '금호석유우')"
882,2019-03-04,2019-04-02,1,"('대상', '대상우')"
883,2019-03-15,2019-03-21,1,"('LG전자', 'LG전자우')"
884,2019-03-15,2019-04-15,1,"('LG', 'LG우')"
885,2019-03-29,2019-07-26,1,"('NH투자증권', 'NH투자증권우')"
886,2019-04-01,2019-04-17,1,"('아모레G', '아모레G우')"
887,2019-04-03,2019-04-17,1,"('DB하이텍', 'DB하이텍1우')"
888,2019-04-11,2019-07-03,1,"('아모레퍼시픽', '아모레퍼시픽우')"
889,2019-04-12,2019-05-08,1,"('유한양행', '유한양행우')"
890,2019-04-16,2019-07-03,1,"('삼성전자', '삼성전자우')"
891,2019-04-26,2019-09-25,1,"('삼성SDI', '삼성SDI우')"
892,2019-05-21,2019-07-08,1,"('넥센타이어', '넥센타이어1우B')"
893,2019-05-23,2019-06-21,1,"('현대건설', '현대건설우')"
894,2019-05-24,2019-07-08,1,"('현대차', '현대차우')"
895,2019-05-27,2019-06-17,1,"('LG', 'LG우')"
896,2019-05-27,2019-07-03,1,"('한국금융지주', '한국금융지주우')"
897,2019-05-30,2019-08-13,1,"('GS', 'GS우')"
898,2019-06-10,2019-10-02,1,"('S-Oil', 'S-Oil우')"
899,2019-06-13,2019-08-02,1,"('미래에셋증권', '미래에셋증권우')"
900,2019-06-14,2019-07-15,1,"('JW중외제약', 'JW중외제약우')"
901,2019-06-14,2019-08-09,1,"('CJ제일제당', 'CJ제일제당 우')"
902,2019-06-14,2019-08-30,1,"('LG화학', 'LG화학우')"
903,2019-06-19,2019-07-16,1,"('한화솔루션', '한화솔루션우')"
904,2019-06-25,2019-08-12,1,"('대한항공', '대한항공우')"
905,2019-06-25,2019-10-21,1,"('DB하이텍', 'DB하이텍1우')"
906,2019-07-02,2019-07-04,1,"('SK이노베이션', 'SK이노베이션우')"
907,2019-07-04,2019-08-08,1,"('SK이노베이션', 'SK이노베이션우')"
908,2019-07-09,2019-08-26,1,"('삼성전기', '삼성전기우')"
909,2019-07-19,2019-09-30,1,"('삼성화재', '삼성화재우')"
910,2019-07-23,2019-07-31,1,"('대상', '대상우')"
911,2019-08-02,2019-11-05,1,"('삼성전자', '삼성전자우')"
912,2019-08-05,2019-08-30,1,"('현대차', '현대차우')"
913,2019-08-05,2019-09-04,1,"('SK네트웍스', 'SK네트웍스우')"
914,2019-08-05,2019-09-11,1,"('LG', 'LG우')"
915,2019-08-05,2019-09-26,1,"('한화', '한화우')"
916,2019-08-16,2019-09-20,1,"('CJ', 'CJ우')"
917,2019-08-19,2019-10-23,1,"('한국금융지주', '한국금융지주우')"
918,2019-08-30,2019-12-11,1,"('유한양행', '유한양행우')"
919,2019-09-03,2019-10-11,1,"('아모레G', '아모레G우')"
920,2019-09-05,2019-09-26,1,"('한화솔루션', '한화솔루션우')"
921,2019-09-05,2020-02-05,1,"('아모레퍼시픽', '아모레퍼시픽우')"
922,2019-09-10,2019-10-08,1,"('SK네트웍스', 'SK네트웍스우')"
923,2019-09-10,2019-10-28,1,"('LG생활건강', 'LG생활건강우')"
924,2019-09-11,2019-09-27,1,"('대한항공', '대한항공우')"
925,2019-09-16,2019-10-18,1,"('GS', 'GS우')"
926,2019-09-16,2020-02-21,1,"('미래에셋증권', '미래에셋증권우')"
927,2019-09-24,2019-12-05,1,"('현대차', '현대차우')"
928,2019-09-26,2019-11-06,1,"('금호석유', '금호석유우')"
929,2019-09-26,2019-12-19,1,"('CJ제일제당', 'CJ제일제당 우')"
930,2019-09-27,2019-09-30,1,"('넥센타이어', '넥센타이어1우B')"
931,2019-10-16,2019-12-16,1,"('CJ', 'CJ우')"
932,2019-10-21,2019-12-06,1,"('DB하이텍', 'DB하이텍1우')"
933,2019-10-24,2020-01-23,1,"('S-Oil', 'S-Oil우')"
934,2019-10-28,2019-12-17,1,"('삼성전기', '삼성전기우')"
935,2019-10-31,2019-12-04,1,"('JW중외제약', 'JW중외제약우')"
936,2019-11-04,2019-11-29,1,"('현대건설', '현대건설우')"
937,2019-11-08,2020-01-29,1,"('삼성화재', '삼성화재우')"
938,2019-11-11,2020-01-10,1,"('SK네트웍스', 'SK네트웍스우')"
939,2019-11-13,2020-01-31,1,"('한화솔루션', '한화솔루션우')"
940,2019-11-14,2019-12-04,1,"('삼성SDI', '삼성SDI우')"
941,2019-11-14,2019-12-09,1,"('대상', '대상우')"
942,2019-11-14,2019-12-26,1,"('LG화학', 'LG화학우')"
943,2019-11-21,2020-06-08,1,"('LG전자', 'LG전자우')"
944,2019-11-28,2020-01-28,1,"('호텔신라', '호텔신라우')"
945,2019-12-10,2020-03-18,1,"('현대건설', '현대건설우')"
946,2019-12-11,2020-01-29,1,"('유한양행', '유한양행우')"
947,2019-12-13,2019-12-23,1,"('대한항공', '대한항공우')"
948,2019-12-13,2020-01-28,1,"('NH투자증권', 'NH투자증권우')"
949,2019-12-13,2020-01-28,1,"('GS', 'GS우')"
950,2019-12-23,2020-01-08,1,"('한화', '한화우')"
951,2020-01-13,2020-02-04,1,"('삼성SDI', '삼성SDI우')"
952,2020-01-13,2020-06-09,1,"('LG화학', 'LG화학우')"
953,2020-01-20,2020-03-11,1,"('CJ제일제당', 'CJ제일제당 우')"
954,2020-01-22,2020-03-05,1,"('현대차', '현대차우')"
955,2020-01-28,2020-02-05,1,"('JW중외제약', 'JW중외제약우')"
956,2020-01-31,2020-03-16,1,"('SK이노베이션', 'SK이노베이션우')"
957,2020-02-04,2020-02-13,1,"('CJ', 'CJ우')"
958,2020-02-11,2020-03-18,1,"('S-Oil', 'S-Oil우')"
959,2020-02-12,2020-03-02,1,"('LG', 'LG우')"
960,2020-02-21,2020-03-16,1,"('한화솔루션', '한화솔루션우')"
961,2020-02-25,2020-03-17,1,"('삼성화재', '삼성화재우')"
962,2020-02-27,2020-04-28,1,"('아모레G', '아모레G우')"
963,2020-03-02,2020-05-25,1,"('삼성전자', '삼성전자우')"
964,2020-03-03,2020-03-19,1,"('넥센타이어', '넥센타이어1우B')"
965,2020-03-03,2020-06-09,1,"('아모레퍼시픽', '아모레퍼시픽우')"
966,2020-03-05,2020-06-08,1,"('SK네트웍스', 'SK네트웍스우')"
967,2020-03-06,2020-06-09,1,"('JW중외제약', 'JW중외제약우')"
968,2020-03-09,2020-06-08,1,"('대한항공', '대한항공우')"
969,2020-03-13,2020-03-20,1,"('금호석유', '금호석유우')"
970,2020-03-13,2020-04-27,1,"('한화', '한화우')"
971,2020-03-17,2020-04-01,1,"('호텔신라', '호텔신라우')"
972,2020-03-18,2020-05-12,1,"('GS', 'GS우')"
973,2020-03-20,2020-06-11,1,"('금호석유', '금호석유우')"
974,2020-03-24,2020-04-13,1,"('삼성전기', '삼성전기우')"
975,2020-03-24,2020-06-08,1,"('CJ제일제당', 'CJ제일제당 우')"
976,2020-03-24,2020-06-09,1,"('LG생활건강', 'LG생활건강우')"
977,2020-03-25,2020-06-04,1,"('DB하이텍', 'DB하이텍1우')"
978,2020-03-26,2020-06-17,1,"('미래에셋증권', '미래에셋증권우')"
979,2020-04-01,2020-06-17,1,"('대상', '대상우')"
980,2020-04-27,2020-07-31,1,"('삼성화재', '삼성화재우')"
981,2020-04-29,2020-06-12,1,"('NH투자증권', 'NH투자증권우')"
982,2020-05-12,2020-06-09,1,"('삼성전기', '삼성전기우')"
983,2020-05-19,2020-05-26,1,"('SK이노베이션', 'SK이노베이션우')"
984,2020-05-19,2020-06-11,1,"('S-Oil', 'S-Oil우')"
985,2020-05-20,2020-06-10,1,"('삼성SDI', '삼성SDI우')"
986,2020-05-26,2020-06-15,1,"('GS', 'GS우')"
987,2020-05-26,2020-09-14,1,"('LG', 'LG우')"
988,2020-05-27,2020-06-09,1,"('현대건설', '현대건설우')"
989,2020-05-27,2020-06-10,1,"('넥센타이어', '넥센타이어1우B')"
990,2020-05-29,2020-06-09,1,"('아모레G', '아모레G우')"
991,2020-05-29,2020-06-10,1,"('CJ', 'CJ우')"
992,2020-06-03,2020-06-08,1,"('한화', '한화우')"
993,2020-06-03,2020-08-11,1,"('현대차', '현대차우')"
994,2020-07-14,2020-08-10,1,"('금호석유', '금호석유우')"
995,2020-07-15,2020-08-31,1,"('삼성전자', '삼성전자우')"
996,2020-07-21,2020-08-07,1,"('대한항공', '대한항공우')"
997,2020-07-21,2020-08-10,1,"('삼성전기', '삼성전기우')"
998,2020-07-22,2020-09-24,1,"('LG생활건강', 'LG생활건강우')"
999,2020-07-24,2020-08-05,1,"('SK이노베이션', 'SK이노베이션우')"
1000,2020-07-31,2020-08-05,1,"('LG화학', 'LG화학우')"
1001,2020-08-03,2020-08-10,1,"('CJ제일제당', 'CJ제일제당 우')"
1002,2020-08-10,2020-09-17,1,"('NH투자증권', 'NH투자증권우')"
1003,2020-08-10,2020-10-30,1,"('넥센타이어', '넥센타이어1우B')"
1004,2020-08-11,2020-12-29,1,"('아모레퍼시픽', '아모레퍼시픽우')"
1005,2020-08-13,2020-10-14,1,"('호텔신라', '호텔신라우')"
1006,2020-08-18,2021-01-12,1,"('아모레G', '아모레G우')"
1007,2020-08-18,2021-02-04,1,"('미래에셋증권', '미래에셋증권우')"
1008,2020-08-19,2020-09-08,1,"('DB하이텍', 'DB하이텍1우')"
1009,2020-08-19,2020-11-12,1,"('현대차', '현대차우')"
1010,2020-08-28,2020-09-07,1,"('한화솔루션', '한화솔루션우')"
1011,2020-08-31,2020-09-29,1,"('삼성화재', '삼성화재우')"
1012,2020-09-03,2020-10-15,1,"('삼성전자', '삼성전자우')"
1013,2020-09-04,2020-10-30,1,"('삼성전기', '삼성전기우')"
1014,2020-09-07,2020-10-13,1,"('금호석유', '금호석유우')"
1015,2020-09-16,2021-02-10,1,"('JW중외제약', 'JW중외제약우')"
1016,2020-09-18,2020-09-21,1,"('LG전자', 'LG전자우')"
1017,2020-09-18,2020-10-19,1,"('LG화학', 'LG화학우')"
1018,2020-09-24,2021-01-20,1,"('CJ제일제당', 'CJ제일제당 우')"
1019,2020-09-24,2021-04-07,1,"('SK네트웍스', 'SK네트웍스우')"
1020,2020-09-28,2021-01-11,1,"('현대건설', '현대건설우')"
1021,2020-10-08,2020-12-30,1,"('삼성SDI', '삼성SDI우')"
1022,2020-10-12,2020-11-16,1,"('대한항공', '대한항공우')"
1023,2020-10-12,2021-01-04,1,"('SK이노베이션', 'SK이노베이션우')"
1024,2020-10-12,2021-03-15,1,"('한화', '한화우')"
1025,2020-10-13,2020-11-10,1,"('S-Oil', 'S-Oil우')"
1026,2020-10-15,2020-11-30,1,"('GS', 'GS우')"
1027,2020-10-15,2020-12-16,1,"('LG생활건강', 'LG생활건강우')"
1028,2020-10-23,2020-11-30,1,"('한국금융지주', '한국금융지주우')"
1029,2020-10-23,2021-01-29,1,"('NH투자증권', 'NH투자증권우')"
1030,2020-10-28,2020-12-16,1,"('한화솔루션', '한화솔루션우')"
1031,2020-11-04,2020-11-30,1,"('유한양행', '유한양행우')"
1032,2020-11-10,2020-12-14,1,"('S-Oil', 'S-Oil우')"
1033,2020-11-10,2021-04-16,1,"('넥센타이어', '넥센타이어1우B')"
1034,2020-11-11,2020-11-30,1,"('LG', 'LG우')"
1035,2020-11-19,2020-11-30,1,"('삼성화재', '삼성화재우')"
1036,2020-11-20,2020-12-23,1,"('금호석유', '금호석유우')"
1037,2020-11-24,2021-01-15,1,"('LG화학', 'LG화학우')"
1038,2020-12-03,2021-04-12,1,"('현대차', '현대차우')"
1039,2020-12-04,2020-12-08,1,"('LG전자', 'LG전자우')"
1040,2020-12-08,2020-12-15,1,"('LG전자', 'LG전자우')"
1041,2020-12-09,2021-01-06,1,"('호텔신라', '호텔신라우')"
1042,2020-12-16,2020-12-23,1,"('한화솔루션', '한화솔루션우')"
1043,2020-12-17,2021-03-12,1,"('DB하이텍', 'DB하이텍1우')"
1044,2020-12-18,2021-01-28,1,"('유한양행', '유한양행우')"
1045,2020-12-21,2021-03-24,1,"('대한항공', '대한항공우')"
1046,2020-12-23,2021-03-12,1,"('한화솔루션', '한화솔루션우')"
1047,2020-12-29,2020-12-30,1,"('삼성화재', '삼성화재우')"
1048,2020-12-29,2021-01-14,1,"('CJ', 'CJ우')"
1049,2020-12-29,2021-03-31,1,"('한국금융지주', '한국금융지주우')"
1050,2021-01-04,2021-01-22,1,"('금호석유', '금호석유우')"
1051,2021-01-04,2021-02-10,1,"('삼성전자', '삼성전자우')"
1052,2021-01-04,2021-03-16,1,"('LG', 'LG우')"
1053,2021-01-04,2021-03-19,1,"('GS', 'GS우')"
1054,2021-01-05,2021-01-27,1,"('대상', '대상우')"
1055,2021-01-08,2021-02-03,1,"('SK이노베이션', 'SK이노베이션우')"
1056,2021-01-12,2021-01-22,1,"('아모레G', '아모레G우')"
1057,2021-02-08,2021-02-26,1,"('LG생활건강', 'LG생활건강우')"
1058,2021-02-10,2021-03-15,1,"('JW중외제약', 'JW중외제약우')"
1059,2021-02-19,2021-04-02,1,"('CJ제일제당', 'CJ제일제당 우')"
1060,2021-02-19,2021-05-10,1,"('아모레퍼시픽', '아모레퍼시픽우')"
1061,2021-02-24,2021-04-01,1,"('CJ', 'CJ우')"
1062,2021-02-25,2021-05-12,1,"('삼성전자', '삼성전자우')"
1063,2021-03-02,2021-05-07,1,"('삼성화재', '삼성화재우')"
1064,2021-03-03,2021-04-08,1,"('호텔신라', '호텔신라우')"
1065,2021-03-08,2021-08-24,1,"('LG화학', 'LG화학우')"
1066,2021-03-09,2021-03-15,1,"('현대건설', '현대건설우')"
1067,2021-03-09,2021-04-05,1,"('대상', '대상우')"
1068,2021-03-17,2021-04-07,1,"('유한양행', '유한양행우')"
1069,2021-03-19,2021-04-06,1,"('미래에셋증권', '미래에셋증권우')"
1070,2021-04-08,2021-04-12,1,"('한국금융지주', '한국금융지주우')"
1071,2021-04-26,2021-06-18,1,"('GS', 'GS우')"
1072,2021-04-27,2021-11-30,1,"('SK이노베이션', 'SK이노베이션우')"
1073,2021-04-30,2021-05-10,1,"('대한항공', '대한항공우')"
1074,2021-05-07,2021-08-17,1,"('삼성화재', '삼성화재우')"
1075,2021-05-10,2022-01-25,1,"('대한항공', '대한항공우')"
1076,2021-05-18,2021-07-07,1,"('CJ', 'CJ우')"
1077,2021-05-18,2021-07-09,1,"('대상', '대상우')"
1078,2021-05-18,2021-12-09,1,"('삼성SDI', '삼성SDI우')"
1079,2021-05-24,2021-07-01,1,"('미래에셋증권', '미래에셋증권우')"
1080,2021-05-25,2021-07-08,1,"('CJ제일제당', 'CJ제일제당 우')"
1081,2021-06-02,2021-08-23,1,"('S-Oil', 'S-Oil우')"
1082,2021-06-08,2021-10-05,1,"('SK네트웍스', 'SK네트웍스우')"
1083,2021-06-15,2021-07-09,1,"('LG생활건강', 'LG생활건강우')"
1084,2021-06-24,2021-07-13,1,"('아모레퍼시픽', '아모레퍼시픽우')"
1085,2021-06-24,2021-08-13,1,"('DB하이텍', 'DB하이텍1우')"
1086,2021-06-25,2021-07-14,1,"('호텔신라', '호텔신라우')"
1087,2021-06-29,2021-08-10,1,"('넥센타이어', '넥센타이어1우B')"
1088,2021-07-02,2021-10-29,1,"('삼성전기', '삼성전기우')"
1089,2021-07-13,2021-11-05,1,"('JW중외제약', 'JW중외제약우')"
1090,2021-07-19,2021-08-23,1,"('대상', '대상우')"
1091,2021-07-19,2021-09-09,1,"('한국금융지주', '한국금융지주우')"
1092,2021-07-23,2021-07-30,1,"('한화솔루션', '한화솔루션우')"
1093,2021-07-26,2021-08-23,1,"('CJ제일제당', 'CJ제일제당 우')"
1094,2021-07-27,2021-09-03,1,"('아모레G', '아모레G우')"
1095,2021-08-04,2021-10-22,1,"('CJ', 'CJ우')"
1096,2021-08-06,2021-09-10,1,"('현대차', '현대차우')"
1097,2021-08-09,2021-12-10,1,"('한화', '한화우')"
1098,2021-08-17,2021-10-28,1,"('삼성화재', '삼성화재우')"
1099,2021-08-18,2021-09-29,1,"('LG', 'LG우')"
1100,2021-08-23,2021-10-06,1,"('유한양행', '유한양행우')"
1101,2021-08-24,2021-08-30,1,"('현대건설', '현대건설우')"
1102,2021-08-25,2021-11-01,1,"('한화솔루션', '한화솔루션우')"
1103,2021-08-30,2021-11-03,1,"('현대건설', '현대건설우')"
1104,2021-08-31,2021-09-08,1,"('아모레퍼시픽', '아모레퍼시픽우')"
1105,2021-09-01,2021-11-08,1,"('미래에셋증권', '미래에셋증권우')"
1106,2021-09-17,2021-11-01,1,"('호텔신라', '호텔신라우')"
1107,2021-09-27,2021-10-22,1,"('S-Oil', 'S-Oil우')"
1108,2021-09-27,2021-10-27,1,"('GS', 'GS우')"
1109,2021-10-05,2021-11-18,1,"('LG', 'LG우')"
1110,2021-10-05,2021-11-18,1,"('아모레G', '아모레G우')"
1111,2021-10-05,2021-12-03,1,"('SK네트웍스', 'SK네트웍스우')"
1112,2021-10-06,2021-11-03,1,"('삼성전자', '삼성전자우')"
1113,2021-10-07,2021-11-17,1,"('넥센타이어', '넥센타이어1우B')"
1114,2021-10-13,2021-12-17,1,"('현대차', '현대차우')"
1115,2021-10-25,2021-12-10,1,"('대상', '대상우')"
1116,2021-10-28,2021-11-23,1,"('LG화학', 'LG화학우')"
1117,2021-11-01,2021-11-08,1,"('금호석유', '금호석유우')"
1118,2021-11-03,2022-02-28,1,"('현대건설', '현대건설우')"
1119,2021-11-03,2022-04-06,1,"('DB하이텍', 'DB하이텍1우')"
1120,2021-11-08,2021-12-15,1,"('미래에셋증권', '미래에셋증권우')"
1121,2021-11-15,2022-03-08,1,"('LG전자', 'LG전자우')"
1122,2021-11-24,2021-11-25,1,"('CJ제일제당', 'CJ제일제당 우')"
1123,2021-11-29,2022-01-05,1,"('삼성전자', '삼성전자우')"
1124,2021-11-29,2022-03-07,1,"('CJ제일제당', 'CJ제일제당 우')"
1125,2021-11-30,2021-12-17,1,"('SK이노베이션', 'SK이노베이션우')"
1126,2021-11-30,2022-03-14,1,"('호텔신라', '호텔신라우')"
1127,2021-12-01,2022-03-02,1,"('한화솔루션', '한화솔루션우')"
1128,2021-12-02,2022-01-04,1,"('유한양행', '유한양행우')"
1129,2021-12-16,2022-03-15,1,"('GS', 'GS우')"
1130,2021-12-17,2022-03-30,1,"('금호석유', '금호석유우')"
1131,2021-12-20,2022-02-22,1,"('삼성화재', '삼성화재우')"
1132,2021-12-23,2021-12-30,1,"('아모레G', '아모레G우')"
1133,2021-12-28,2022-03-03,1,"('NH투자증권', 'NH투자증권우')"
1134,2021-12-29,2022-01-28,1,"('SK이노베이션', 'SK이노베이션우')"
1135,2021-12-30,2022-01-04,1,"('SK네트웍스', 'SK네트웍스우')"
1136,2021-12-30,2022-02-03,1,"('삼성전기', '삼성전기우')"
1137,2021-12-30,2022-03-11,1,"('한국금융지주', '한국금융지주우')"
1138,2022-01-04,2022-02-23,1,"('SK네트웍스', 'SK네트웍스우')"
1139,2022-01-05,2022-03-08,1,"('CJ', 'CJ우')"
1140,2022-01-06,2022-02-18,1,"('S-Oil', 'S-Oil우')"
1141,2022-01-06,2022-03-10,1,"('LG화학', 'LG화학우')"
1142,2022-01-13,2022-04-18,1,"('미래에셋증권', '미래에셋증권우')"
1143,2022-01-24,2022-03-21,1,"('아모레G', '아모레G우')"
1144,2022-01-28,2022-03-02,1,"('대한항공', '대한항공우')"
1145,2022-02-07,2022-03-07,1,"('대상', '대상우')"
1146,2022-02-10,2022-03-10,1,"('아모레퍼시픽', '아모레퍼시픽우')"
1147,2022-02-16,2022-03-02,1,"('넥센타이어', '넥센타이어1우B')"
1148,2022-02-17,2022-03-18,1,"('LG생활건강', 'LG생활건강우')"
1149,2022-02-17,2022-05-10,1,"('JW중외제약', 'JW중외제약우')"
1150,2022-02-28,2022-04-07,1,"('유한양행', '유한양행우')"
1151,2022-03-10,2022-05-25,1,"('삼성전자', '삼성전자우')"
1152,2022-03-16,2022-04-14,1,"('현대차', '현대차우')"
1153,2022-03-28,2022-04-19,1,"('삼성화재', '삼성화재우')"
1154,2022-03-28,2022-05-04,1,"('GS', 'GS우')"
1155,2022-03-28,2022-05-24,1,"('S-Oil', 'S-Oil우')"
1156,2022-03-30,2022-05-24,1,"('삼성SDI', '삼성SDI우')"
1157,2022-03-31,2022-04-12,1,"('LG', 'LG우')"
1158,2022-04-13,2022-07-04,1,"('넥센타이어', '넥센타이어1우B')"
1159,2022-04-21,2022-05-09,1,"('LG생활건강', 'LG생활건강우')"
1160,2022-04-27,2022-06-13,1,"('유한양행', '유한양행우')"
1161,2022-04-27,2022-08-30,1,"('아모레퍼시픽', '아모레퍼시픽우')"
1162,2022-04-28,2022-06-03,1,"('현대건설', '현대건설우')"
1163,2022-04-28,2022-08-11,1,"('LG화학', 'LG화학우')"
1164,2022-04-28,2022-09-22,1,"('아모레G', '아모레G우')"
1165,2022-04-29,2022-06-10,1,"('NH투자증권', 'NH투자증권우')"
1166,2022-05-02,2022-05-24,1,"('삼성전기', '삼성전기우')"
1167,2022-05-06,2022-05-26,1,"('한화', '한화우')"
1168,2022-05-13,2022-05-24,1,"('호텔신라', '호텔신라우')"
1169,2022-05-13,2022-06-10,1,"('대한항공', '대한항공우')"
1170,2022-05-13,2022-06-28,1,"('SK이노베이션', 'SK이노베이션우')"
1171,2022-05-24,2022-07-04,1,"('미래에셋증권', '미래에셋증권우')"
1172,2022-05-24,2022-07-19,1,"('호텔신라', '호텔신라우')"
1173,2022-05-30,2022-09-01,1,"('LG', 'LG우')"
1174,2022-06-15,2022-06-28,1,"('대한항공', '대한항공우')"
1175,2022-06-16,2022-08-02,1,"('LG전자', 'LG전자우')"
1176,2022-06-17,2022-06-23,1,"('CJ제일제당', 'CJ제일제당 우')"
1177,2022-06-17,2022-09-30,1,"('삼성화재', '삼성화재우')"
1178,2022-06-20,2022-06-24,1,"('SK네트웍스', 'SK네트웍스우')"
1179,2022-06-20,2022-07-26,1,"('LG생활건강', 'LG생활건강우')"
1180,2022-06-20,2022-10-11,1,"('대상', '대상우')"
1181,2022-06-24,2022-08-04,1,"('SK네트웍스', 'SK네트웍스우')"
1182,2022-06-27,2022-09-30,1,"('현대차', '현대차우')"
1183,2022-06-29,2022-07-06,1,"('한화', '한화우')"
1184,2022-07-04,2022-07-19,1,"('미래에셋증권', '미래에셋증권우')"
1185,2022-07-15,2022-08-18,1,"('NH투자증권', 'NH투자증권우')"
1186,2022-07-19,2022-09-02,1,"('넥센타이어', '넥센타이어1우B')"
1187,2022-07-21,2022-08-18,1,"('한국금융지주', '한국금융지주우')"
1188,2022-07-26,2022-08-29,1,"('삼성전자', '삼성전자우')"
1189,2022-07-26,2022-09-08,1,"('현대건설', '현대건설우')"
1190,2022-07-27,2022-09-26,1,"('GS', 'GS우')"
